season,round,race_name,race_date,circuit_id,circuit_name,country,locality,driver_id,driver_code,driver_number,driver_first_name,driver_last_name,driver_nationality,constructor_id,constructor_name,constructor_nationality,grid,position,position_text,points,laps,status,race_time,race_time_millis,fastest_lap_rank,fastest_lap_lap,fastest_lap_time,fastest_lap_avg_speed
2025,1,Australian Grand Prix,2025-03-16,albert_park,Albert Park Grand Prix Circuit,Australia,Melbourne,norris,NOR,1,Lando,Norris,British,mclaren,McLaren,British,1,1,1,25,57,Finished,1:42:06.304,6126304,1,43,1:22.167,
2025,1,Australian Grand Prix,2025-03-16,albert_park,Albert Park Grand Prix Circuit,Australia,Melbourne,max_verstappen,VER,3,Max,Verstappen,Dutch,red_bull,Red Bull,Austrian,3,2,2,18,57,Finished,+0.895,6127199,3,43,1:23.081,
2025,1,Australian Grand Prix,2025-03-16,albert_park,Albert Park Grand Prix Circuit,Australia,Melbourne,russell,RUS,63,George,Russell,British,mercedes,Mercedes,German,4,3,3,15,57,Finished,+8.481,6134785,11,43,1:25.065,
2025,1,Australian Grand Prix,2025-03-16,albert_park,Albert Park Grand Prix Circuit,Australia,Melbourne,antonelli,ANT,12,Andrea Kimi,Antonelli,Italian,mercedes,Mercedes,German,16,4,4,12,57,Finished,+10.135,6136439,9,43,1:24.901,
2025,1,Australian Grand Prix,2025-03-16,albert_park,Albert Park Grand Prix Circuit,Australia,Melbourne,albon,ALB,23,Alexander,Albon,Thai,williams,Williams,British,6,5,5,10,57,Finished,+12.773,6139077,8,43,1:24.597,
2025,1,Australian Grand Prix,2025-03-16,albert_park,Albert Park Grand Prix Circuit,Australia,Melbourne,stroll,STR,18,Lance,Stroll,Canadian,aston_martin,Aston Martin,British,13,6,6,8,57,Finished,+17.413,6143717,14,43,1:25.538,
2025,1,Australian Grand Prix,2025-03-16,albert_park,Albert Park Grand Prix Circuit,Australia,Melbourne,hulkenberg,HUL,27,Nico,Hülkenberg,German,sauber,Sauber,Swiss,17,7,7,6,57,Finished,+18.423,6144727,12,43,1:25.243,
2025,1,Australian Grand Prix,2025-03-16,albert_park,Albert Park Grand Prix Circuit,Australia,Melbourne,leclerc,LEC,16,Charles,Leclerc,Monegasque,ferrari,Ferrari,Italian,7,8,8,4,57,Finished,+19.826,6146130,13,43,1:25.271,
2025,1,Australian Grand Prix,2025-03-16,albert_park,Albert Park Grand Prix Circuit,Australia,Melbourne,piastri,PIA,81,Oscar,Piastri,Australian,mclaren,McLaren,British,2,9,9,2,57,Finished,+20.448,6146752,4,43,1:23.242,
2025,1,Australian Grand Prix,2025-03-16,albert_park,Albert Park Grand Prix Circuit,Australia,Melbourne,hamilton,HAM,44,Lewis,Hamilton,British,ferrari,Ferrari,Italian,8,10,10,1,57,Finished,+22.473,6148777,7,43,1:24.218,
2025,1,Australian Grand Prix,2025-03-16,albert_park,Albert Park Grand Prix Circuit,Australia,Melbourne,gasly,GAS,10,Pierre,Gasly,French,alpine,Alpine F1 Team,French,9,11,11,0,57,Finished,+26.502,6152806,10,43,1:25.020,
2025,1,Australian Grand Prix,2025-03-16,albert_park,Albert Park Grand Prix Circuit,Australia,Melbourne,tsunoda,TSU,22,Yuki,Tsunoda,Japanese,rb,RB F1 Team,Italian,5,12,12,0,57,Finished,+29.884,6156188,6,43,1:24.194,
2025,1,Australian Grand Prix,2025-03-16,albert_park,Albert Park Grand Prix Circuit,Australia,Melbourne,ocon,OCO,31,Esteban,Ocon,French,haas,Haas F1 Team,American,19,13,13,0,57,Finished,+33.161,6159465,15,42,1:26.764,
2025,1,Australian Grand Prix,2025-03-16,albert_park,Albert Park Grand Prix Circuit,Australia,Melbourne,bearman,BEA,87,Oliver,Bearman,British,haas,Haas F1 Team,American,20,14,14,0,57,Finished,+40.351,6166655,16,42,1:27.603,
2025,1,Australian Grand Prix,2025-03-16,albert_park,Albert Park Grand Prix Circuit,Australia,Melbourne,lawson,LAW,30,Liam,Lawson,New Zealander,red_bull,Red Bull,Austrian,18,15,R,0,46,Retired,,,2,43,1:22.970,
2025,1,Australian Grand Prix,2025-03-16,albert_park,Albert Park Grand Prix Circuit,Australia,Melbourne,bortoleto,BOR,5,Gabriel,Bortoleto,Brazilian,sauber,Sauber,Swiss,15,16,R,0,45,Retired,,,5,43,1:24.192,
2025,1,Australian Grand Prix,2025-03-16,albert_park,Albert Park Grand Prix Circuit,Australia,Melbourne,alonso,ALO,14,Fernando,Alonso,Spanish,aston_martin,Aston Martin,British,12,17,R,0,32,Retired,,,17,32,1:28.819,
2025,1,Australian Grand Prix,2025-03-16,albert_park,Albert Park Grand Prix Circuit,Australia,Melbourne,sainz,SAI,55,Carlos,Sainz,Spanish,williams,Williams,British,10,18,R,0,0,Retired,,,,,,
2025,1,Australian Grand Prix,2025-03-16,albert_park,Albert Park Grand Prix Circuit,Australia,Melbourne,doohan,DOO,7,Jack,Doohan,Australian,alpine,Alpine F1 Team,French,14,19,R,0,0,Retired,,,,,,
2025,1,Australian Grand Prix,2025-03-16,albert_park,Albert Park Grand Prix Circuit,Australia,Melbourne,hadjar,HAD,6,Isack,Hadjar,French,rb,RB F1 Team,Italian,11,20,R,0,0,Retired,,,,,,
2025,2,Chinese Grand Prix,2025-03-23,shanghai,Shanghai International Circuit,China,Shanghai,piastri,PIA,81,Oscar,Piastri,Australian,mclaren,McLaren,British,1,1,1,25,56,Finished,1:30:55.026,5455026,3,53,1:35.520,
2025,2,Chinese Grand Prix,2025-03-23,shanghai,Shanghai International Circuit,China,Shanghai,norris,NOR,1,Lando,Norris,British,mclaren,McLaren,British,3,2,2,18,56,Finished,+9.748,5464774,1,53,1:35.454,
2025,2,Chinese Grand Prix,2025-03-23,shanghai,Shanghai International Circuit,China,Shanghai,russell,RUS,63,George,Russell,British,mercedes,Mercedes,German,2,3,3,15,56,Finished,+11.097,5466123,5,55,1:35.816,
2025,2,Chinese Grand Prix,2025-03-23,shanghai,Shanghai International Circuit,China,Shanghai,max_verstappen,VER,3,Max,Verstappen,Dutch,red_bull,Red Bull,Austrian,4,4,4,12,56,Finished,+16.656,5471682,2,56,1:35.488,
2025,2,Chinese Grand Prix,2025-03-23,shanghai,Shanghai International Circuit,China,Shanghai,ocon,OCO,31,Esteban,Ocon,French,haas,Haas F1 Team,American,11,5,5,10,56,Finished,+49.969,5504995,4,56,1:35.740,
2025,2,Chinese Grand Prix,2025-03-23,shanghai,Shanghai International Circuit,China,Shanghai,antonelli,ANT,12,Andrea Kimi,Antonelli,Italian,mercedes,Mercedes,German,8,6,6,8,56,Finished,+53.748,5508774,11,56,1:36.046,
2025,2,Chinese Grand Prix,2025-03-23,shanghai,Shanghai International Circuit,China,Shanghai,albon,ALB,23,Alexander,Albon,Thai,williams,Williams,British,10,7,7,6,56,Finished,+56.321,5511347,12,52,1:36.254,
2025,2,Chinese Grand Prix,2025-03-23,shanghai,Shanghai International Circuit,China,Shanghai,bearman,BEA,87,Oliver,Bearman,British,haas,Haas F1 Team,American,17,8,8,4,56,Finished,+1:01.303,5516329,13,52,1:36.363,
2025,2,Chinese Grand Prix,2025-03-23,shanghai,Shanghai International Circuit,China,Shanghai,stroll,STR,18,Lance,Stroll,Canadian,aston_martin,Aston Martin,British,14,9,9,2,56,Finished,+1:10.204,5525230,10,39,1:36.044,
2025,2,Chinese Grand Prix,2025-03-23,shanghai,Shanghai International Circuit,China,Shanghai,sainz,SAI,55,Carlos,Sainz,Spanish,williams,Williams,British,15,10,10,1,56,Finished,+1:16.387,5531413,15,50,1:36.779,
2025,2,Chinese Grand Prix,2025-03-23,shanghai,Shanghai International Circuit,China,Shanghai,hadjar,HAD,6,Isack,Hadjar,French,rb,RB F1 Team,Italian,7,11,11,0,56,Finished,+1:18.875,5533901,6,35,1:35.868,
2025,2,Chinese Grand Prix,2025-03-23,shanghai,Shanghai International Circuit,China,Shanghai,lawson,LAW,30,Liam,Lawson,New Zealander,red_bull,Red Bull,Austrian,20,12,12,0,56,Finished,+1:21.147,5536173,9,32,1:35.985,
2025,2,Chinese Grand Prix,2025-03-23,shanghai,Shanghai International Circuit,China,Shanghai,doohan,DOO,7,Jack,Doohan,Australian,alpine,Alpine F1 Team,French,18,13,13,0,56,Finished,+1:28.401,5543427,14,52,1:36.424,
2025,2,Chinese Grand Prix,2025-03-23,shanghai,Shanghai International Circuit,China,Shanghai,bortoleto,BOR,5,Gabriel,Bortoleto,Brazilian,sauber,Sauber,Swiss,19,14,14,0,55,Lapped,+10.756,5465782,8,28,1:35.874,
2025,2,Chinese Grand Prix,2025-03-23,shanghai,Shanghai International Circuit,China,Shanghai,hulkenberg,HUL,27,Nico,Hülkenberg,German,sauber,Sauber,Swiss,12,15,15,0,55,Lapped,+20.226,5475252,16,35,1:37.275,
2025,2,Chinese Grand Prix,2025-03-23,shanghai,Shanghai International Circuit,China,Shanghai,tsunoda,TSU,22,Yuki,Tsunoda,Japanese,rb,RB F1 Team,Italian,9,16,16,0,55,Lapped,+23.511,5478537,7,49,1:35.871,
2025,2,Chinese Grand Prix,2025-03-23,shanghai,Shanghai International Circuit,China,Shanghai,alonso,ALO,14,Fernando,Alonso,Spanish,aston_martin,Aston Martin,British,13,17,R,0,4,Retired,,,17,3,1:39.256,
2025,2,Chinese Grand Prix,2025-03-23,shanghai,Shanghai International Circuit,China,Shanghai,leclerc,LEC,16,Charles,Leclerc,Monegasque,ferrari,Ferrari,Italian,6,18,D,0,0,Disqualified,,,,,,
2025,2,Chinese Grand Prix,2025-03-23,shanghai,Shanghai International Circuit,China,Shanghai,hamilton,HAM,44,Lewis,Hamilton,British,ferrari,Ferrari,Italian,5,19,D,0,0,Disqualified,,,,,,
2025,2,Chinese Grand Prix,2025-03-23,shanghai,Shanghai International Circuit,China,Shanghai,gasly,GAS,10,Pierre,Gasly,French,alpine,Alpine F1 Team,French,16,20,D,0,0,Disqualified,,,,,,
2025,3,Japanese Grand Prix,2025-04-06,suzuka,Suzuka Circuit,Japan,Suzuka,max_verstappen,VER,3,Max,Verstappen,Dutch,red_bull,Red Bull,Austrian,1,1,1,25,53,Finished,1:22:06.983,4926983,3,52,1:31.041,
2025,3,Japanese Grand Prix,2025-04-06,suzuka,Suzuka Circuit,Japan,Suzuka,norris,NOR,1,Lando,Norris,British,mclaren,McLaren,British,2,2,2,18,53,Finished,+1.423,4928406,5,51,1:31.116,
2025,3,Japanese Grand Prix,2025-04-06,suzuka,Suzuka Circuit,Japan,Suzuka,piastri,PIA,81,Oscar,Piastri,Australian,mclaren,McLaren,British,3,3,3,15,53,Finished,+2.129,4929112,2,53,1:31.039,
2025,3,Japanese Grand Prix,2025-04-06,suzuka,Suzuka Circuit,Japan,Suzuka,leclerc,LEC,16,Charles,Leclerc,Monegasque,ferrari,Ferrari,Italian,4,4,4,12,53,Finished,+16.097,4943080,10,47,1:31.469,
2025,3,Japanese Grand Prix,2025-04-06,suzuka,Suzuka Circuit,Japan,Suzuka,russell,RUS,63,George,Russell,British,mercedes,Mercedes,German,5,5,5,10,53,Finished,+17.362,4944345,8,51,1:31.357,
2025,3,Japanese Grand Prix,2025-04-06,suzuka,Suzuka Circuit,Japan,Suzuka,antonelli,ANT,12,Andrea Kimi,Antonelli,Italian,mercedes,Mercedes,German,6,6,6,8,53,Finished,+18.671,4945654,1,50,1:30.965,
2025,3,Japanese Grand Prix,2025-04-06,suzuka,Suzuka Circuit,Japan,Suzuka,hamilton,HAM,44,Lewis,Hamilton,British,ferrari,Ferrari,Italian,8,7,7,6,53,Finished,+29.182,4956165,9,51,1:31.406,
2025,3,Japanese Grand Prix,2025-04-06,suzuka,Suzuka Circuit,Japan,Suzuka,hadjar,HAD,6,Isack,Hadjar,French,rb,RB F1 Team,Italian,7,8,8,4,53,Finished,+37.134,4964117,7,52,1:31.317,
2025,3,Japanese Grand Prix,2025-04-06,suzuka,Suzuka Circuit,Japan,Suzuka,albon,ALB,23,Alexander,Albon,Thai,williams,Williams,British,9,9,9,2,53,Finished,+40.367,4967350,6,52,1:31.125,
2025,3,Japanese Grand Prix,2025-04-06,suzuka,Suzuka Circuit,Japan,Suzuka,bearman,BEA,87,Oliver,Bearman,British,haas,Haas F1 Team,American,10,10,10,1,53,Finished,+54.529,4981512,15,49,1:32.006,
2025,3,Japanese Grand Prix,2025-04-06,suzuka,Suzuka Circuit,Japan,Suzuka,alonso,ALO,14,Fernando,Alonso,Spanish,aston_martin,Aston Martin,British,12,11,11,0,53,Finished,+57.333,4984316,11,51,1:31.770,
2025,3,Japanese Grand Prix,2025-04-06,suzuka,Suzuka Circuit,Japan,Suzuka,tsunoda,TSU,22,Yuki,Tsunoda,Japanese,red_bull,Red Bull,Austrian,14,12,12,0,53,Finished,+58.401,4985384,13,51,1:31.871,
2025,3,Japanese Grand Prix,2025-04-06,suzuka,Suzuka Circuit,Japan,Suzuka,gasly,GAS,10,Pierre,Gasly,French,alpine,Alpine F1 Team,French,11,13,13,0,53,Finished,+1:02.122,4989105,12,52,1:31.820,
2025,3,Japanese Grand Prix,2025-04-06,suzuka,Suzuka Circuit,Japan,Suzuka,sainz,SAI,55,Carlos,Sainz,Spanish,williams,Williams,British,15,14,14,0,53,Finished,+1:14.129,5001112,4,36,1:31.106,
2025,3,Japanese Grand Prix,2025-04-06,suzuka,Suzuka Circuit,Japan,Suzuka,doohan,DOO,7,Jack,Doohan,Australian,alpine,Alpine F1 Team,French,19,15,15,0,53,Finished,+1:21.314,5008297,20,47,1:32.685,
2025,3,Japanese Grand Prix,2025-04-06,suzuka,Suzuka Circuit,Japan,Suzuka,hulkenberg,HUL,27,Nico,Hülkenberg,German,sauber,Sauber,Swiss,16,16,16,0,53,Finished,+1:21.957,5008940,19,31,1:32.572,
2025,3,Japanese Grand Prix,2025-04-06,suzuka,Suzuka Circuit,Japan,Suzuka,lawson,LAW,30,Liam,Lawson,New Zealander,rb,RB F1 Team,Italian,13,17,17,0,53,Finished,+1:22.734,5009717,17,39,1:32.043,
2025,3,Japanese Grand Prix,2025-04-06,suzuka,Suzuka Circuit,Japan,Suzuka,ocon,OCO,31,Esteban,Ocon,French,haas,Haas F1 Team,American,18,18,18,0,53,Finished,+1:23.438,5010421,14,48,1:31.967,
2025,3,Japanese Grand Prix,2025-04-06,suzuka,Suzuka Circuit,Japan,Suzuka,bortoleto,BOR,5,Gabriel,Bortoleto,Brazilian,sauber,Sauber,Swiss,17,19,19,0,53,Finished,+1:23.897,5010880,16,45,1:32.034,
2025,3,Japanese Grand Prix,2025-04-06,suzuka,Suzuka Circuit,Japan,Suzuka,stroll,STR,18,Lance,Stroll,Canadian,aston_martin,Aston Martin,British,20,20,20,0,52,Lapped,+12.929,4939912,18,52,1:32.052,
2025,4,Bahrain Grand Prix,2025-04-13,bahrain,Bahrain International Circuit,Bahrain,Sakhir,piastri,PIA,81,Oscar,Piastri,Australian,mclaren,McLaren,British,1,1,1,25,57,Finished,1:35:39.435,5739435,1,36,1:35.140,
2025,4,Bahrain Grand Prix,2025-04-13,bahrain,Bahrain International Circuit,Bahrain,Sakhir,russell,RUS,63,George,Russell,British,mercedes,Mercedes,German,3,2,2,18,57,Finished,+15.499,5754934,2,36,1:35.518,
2025,4,Bahrain Grand Prix,2025-04-13,bahrain,Bahrain International Circuit,Bahrain,Sakhir,norris,NOR,1,Lando,Norris,British,mclaren,McLaren,British,6,3,3,15,57,Finished,+16.273,5755708,3,38,1:35.728,
2025,4,Bahrain Grand Prix,2025-04-13,bahrain,Bahrain International Circuit,Bahrain,Sakhir,leclerc,LEC,16,Charles,Leclerc,Monegasque,ferrari,Ferrari,Italian,2,4,4,12,57,Finished,+19.679,5759114,4,36,1:36.132,
2025,4,Bahrain Grand Prix,2025-04-13,bahrain,Bahrain International Circuit,Bahrain,Sakhir,hamilton,HAM,44,Lewis,Hamilton,British,ferrari,Ferrari,Italian,9,5,5,10,57,Finished,+27.993,5767428,6,37,1:36.235,
2025,4,Bahrain Grand Prix,2025-04-13,bahrain,Bahrain International Circuit,Bahrain,Sakhir,max_verstappen,VER,3,Max,Verstappen,Dutch,red_bull,Red Bull,Austrian,7,6,6,8,57,Finished,+34.395,5773830,5,29,1:36.167,
2025,4,Bahrain Grand Prix,2025-04-13,bahrain,Bahrain International Circuit,Bahrain,Sakhir,gasly,GAS,10,Pierre,Gasly,French,alpine,Alpine F1 Team,French,4,7,7,6,57,Finished,+36.002,5775437,7,39,1:36.531,
2025,4,Bahrain Grand Prix,2025-04-13,bahrain,Bahrain International Circuit,Bahrain,Sakhir,ocon,OCO,31,Esteban,Ocon,French,haas,Haas F1 Team,American,14,8,8,4,57,Finished,+44.244,5783679,12,30,1:37.098,
2025,4,Bahrain Grand Prix,2025-04-13,bahrain,Bahrain International Circuit,Bahrain,Sakhir,tsunoda,TSU,22,Yuki,Tsunoda,Japanese,red_bull,Red Bull,Austrian,10,9,9,2,57,Finished,+45.061,5784496,14,45,1:37.225,
2025,4,Bahrain Grand Prix,2025-04-13,bahrain,Bahrain International Circuit,Bahrain,Sakhir,bearman,BEA,87,Oliver,Bearman,British,haas,Haas F1 Team,American,20,10,10,1,57,Finished,+47.594,5787029,15,40,1:37.303,
2025,4,Bahrain Grand Prix,2025-04-13,bahrain,Bahrain International Circuit,Bahrain,Sakhir,antonelli,ANT,12,Andrea Kimi,Antonelli,Italian,mercedes,Mercedes,German,5,11,11,0,57,Finished,+48.016,5787451,9,29,1:36.690,
2025,4,Bahrain Grand Prix,2025-04-13,bahrain,Bahrain International Circuit,Bahrain,Sakhir,albon,ALB,23,Alexander,Albon,Thai,williams,Williams,British,15,12,12,0,57,Finished,+48.839,5788274,13,47,1:37.141,
2025,4,Bahrain Grand Prix,2025-04-13,bahrain,Bahrain International Circuit,Bahrain,Sakhir,hadjar,HAD,6,Isack,Hadjar,French,rb,RB F1 Team,Italian,12,13,13,0,57,Finished,+56.314,5795749,10,30,1:36.952,
2025,4,Bahrain Grand Prix,2025-04-13,bahrain,Bahrain International Circuit,Bahrain,Sakhir,doohan,DOO,7,Jack,Doohan,Australian,alpine,Alpine F1 Team,French,11,14,14,0,57,Finished,+57.806,5797241,8,31,1:36.682,
2025,4,Bahrain Grand Prix,2025-04-13,bahrain,Bahrain International Circuit,Bahrain,Sakhir,alonso,ALO,14,Fernando,Alonso,Spanish,aston_martin,Aston Martin,British,13,15,15,0,57,Finished,+1:00.340,5799775,17,38,1:37.906,
2025,4,Bahrain Grand Prix,2025-04-13,bahrain,Bahrain International Circuit,Bahrain,Sakhir,lawson,LAW,30,Liam,Lawson,New Zealander,rb,RB F1 Team,Italian,17,16,16,0,57,Finished,+1:04.435,5803870,16,44,1:37.380,
2025,4,Bahrain Grand Prix,2025-04-13,bahrain,Bahrain International Circuit,Bahrain,Sakhir,stroll,STR,18,Lance,Stroll,Canadian,aston_martin,Aston Martin,British,19,17,17,0,57,Finished,+1:05.489,5804924,19,38,1:38.064,
2025,4,Bahrain Grand Prix,2025-04-13,bahrain,Bahrain International Circuit,Bahrain,Sakhir,bortoleto,BOR,5,Gabriel,Bortoleto,Brazilian,sauber,Sauber,Swiss,18,18,18,0,57,Finished,+1:06.872,5806307,18,38,1:38.006,
2025,4,Bahrain Grand Prix,2025-04-13,bahrain,Bahrain International Circuit,Bahrain,Sakhir,sainz,SAI,55,Carlos,Sainz,Spanish,williams,Williams,British,8,19,R,0,45,Retired,,,11,16,1:36.954,
2025,4,Bahrain Grand Prix,2025-04-13,bahrain,Bahrain International Circuit,Bahrain,Sakhir,hulkenberg,HUL,27,Nico,Hülkenberg,German,sauber,Sauber,Swiss,16,20,D,0,0,Disqualified,,,,,,
2025,5,Saudi Arabian Grand Prix,2025-04-20,jeddah,Jeddah Corniche Circuit,Saudi Arabia,Jeddah,piastri,PIA,81,Oscar,Piastri,Australian,mclaren,McLaren,British,2,1,1,25,50,Finished,1:21:06.758,4866758,3,50,1:32.228,
2025,5,Saudi Arabian Grand Prix,2025-04-20,jeddah,Jeddah Corniche Circuit,Saudi Arabia,Jeddah,max_verstappen,VER,3,Max,Verstappen,Dutch,red_bull,Red Bull,Austrian,1,2,2,18,50,Finished,+2.843,4869601,4,49,1:32.280,
2025,5,Saudi Arabian Grand Prix,2025-04-20,jeddah,Jeddah Corniche Circuit,Saudi Arabia,Jeddah,leclerc,LEC,16,Charles,Leclerc,Monegasque,ferrari,Ferrari,Italian,4,3,3,15,50,Finished,+8.104,4874862,2,49,1:32.192,
2025,5,Saudi Arabian Grand Prix,2025-04-20,jeddah,Jeddah Corniche Circuit,Saudi Arabia,Jeddah,norris,NOR,1,Lando,Norris,British,mclaren,McLaren,British,10,4,4,12,50,Finished,+9.196,4875954,1,41,1:31.778,
2025,5,Saudi Arabian Grand Prix,2025-04-20,jeddah,Jeddah Corniche Circuit,Saudi Arabia,Jeddah,russell,RUS,63,George,Russell,British,mercedes,Mercedes,German,3,5,5,10,50,Finished,+27.236,4893994,9,32,1:32.893,
2025,5,Saudi Arabian Grand Prix,2025-04-20,jeddah,Jeddah Corniche Circuit,Saudi Arabia,Jeddah,antonelli,ANT,12,Andrea Kimi,Antonelli,Italian,mercedes,Mercedes,German,5,6,6,8,50,Finished,+34.688,4901446,5,50,1:32.396,
2025,5,Saudi Arabian Grand Prix,2025-04-20,jeddah,Jeddah Corniche Circuit,Saudi Arabia,Jeddah,hamilton,HAM,44,Lewis,Hamilton,British,ferrari,Ferrari,Italian,7,7,7,6,50,Finished,+39.073,4905831,7,43,1:32.600,
2025,5,Saudi Arabian Grand Prix,2025-04-20,jeddah,Jeddah Corniche Circuit,Saudi Arabia,Jeddah,sainz,SAI,55,Carlos,Sainz,Spanish,williams,Williams,British,6,8,8,4,50,Finished,+1:04.630,4931388,6,50,1:32.466,
2025,5,Saudi Arabian Grand Prix,2025-04-20,jeddah,Jeddah Corniche Circuit,Saudi Arabia,Jeddah,albon,ALB,23,Alexander,Albon,Thai,williams,Williams,British,11,9,9,2,50,Finished,+1:06.515,4933273,16,47,1:33.477,
2025,5,Saudi Arabian Grand Prix,2025-04-20,jeddah,Jeddah Corniche Circuit,Saudi Arabia,Jeddah,hadjar,HAD,6,Isack,Hadjar,French,rb,RB F1 Team,Italian,14,10,10,1,50,Finished,+1:07.091,4933849,14,39,1:33.257,
2025,5,Saudi Arabian Grand Prix,2025-04-20,jeddah,Jeddah Corniche Circuit,Saudi Arabia,Jeddah,alonso,ALO,14,Fernando,Alonso,Spanish,aston_martin,Aston Martin,British,13,11,11,0,50,Finished,+1:15.917,4942675,11,49,1:33.009,
2025,5,Saudi Arabian Grand Prix,2025-04-20,jeddah,Jeddah Corniche Circuit,Saudi Arabia,Jeddah,lawson,LAW,30,Liam,Lawson,New Zealander,rb,RB F1 Team,Italian,12,12,12,0,50,Finished,+1:18.451,4945209,10,43,1:32.998,
2025,5,Saudi Arabian Grand Prix,2025-04-20,jeddah,Jeddah Corniche Circuit,Saudi Arabia,Jeddah,bearman,BEA,87,Oliver,Bearman,British,haas,Haas F1 Team,American,15,13,13,0,50,Finished,+1:19.194,4945952,13,50,1:33.238,
2025,5,Saudi Arabian Grand Prix,2025-04-20,jeddah,Jeddah Corniche Circuit,Saudi Arabia,Jeddah,ocon,OCO,31,Esteban,Ocon,French,haas,Haas F1 Team,American,19,14,14,0,50,Finished,+1:39.723,4966481,17,47,1:34.309,
2025,5,Saudi Arabian Grand Prix,2025-04-20,jeddah,Jeddah Corniche Circuit,Saudi Arabia,Jeddah,hulkenberg,HUL,27,Nico,Hülkenberg,German,sauber,Sauber,Swiss,18,15,15,0,49,Lapped,+4.609,4871367,15,39,1:33.446,
2025,5,Saudi Arabian Grand Prix,2025-04-20,jeddah,Jeddah Corniche Circuit,Saudi Arabia,Jeddah,stroll,STR,18,Lance,Stroll,Canadian,aston_martin,Aston Martin,British,16,16,16,0,49,Lapped,+5.527,4872285,8,44,1:32.745,
2025,5,Saudi Arabian Grand Prix,2025-04-20,jeddah,Jeddah Corniche Circuit,Saudi Arabia,Jeddah,doohan,DOO,7,Jack,Doohan,Australian,alpine,Alpine F1 Team,French,17,17,17,0,49,Lapped,+19.264,4886022,12,48,1:33.150,
2025,5,Saudi Arabian Grand Prix,2025-04-20,jeddah,Jeddah Corniche Circuit,Saudi Arabia,Jeddah,bortoleto,BOR,5,Gabriel,Bortoleto,Brazilian,sauber,Sauber,Swiss,20,18,18,0,49,Lapped,+19.306,4886064,18,39,1:34.447,
2025,5,Saudi Arabian Grand Prix,2025-04-20,jeddah,Jeddah Corniche Circuit,Saudi Arabia,Jeddah,tsunoda,TSU,22,Yuki,Tsunoda,Japanese,red_bull,Red Bull,Austrian,8,19,R,0,1,Retired,,,,,,
2025,5,Saudi Arabian Grand Prix,2025-04-20,jeddah,Jeddah Corniche Circuit,Saudi Arabia,Jeddah,gasly,GAS,10,Pierre,Gasly,French,alpine,Alpine F1 Team,French,9,20,R,0,0,Retired,,,,,,
2025,6,Miami Grand Prix,2025-05-04,miami,Miami International Autodrome,USA,Miami,piastri,PIA,81,Oscar,Piastri,Australian,mclaren,McLaren,British,4,1,1,25,57,Finished,1:28:51.587,5331587,2,35,1:29.822,
2025,6,Miami Grand Prix,2025-05-04,miami,Miami International Autodrome,USA,Miami,norris,NOR,1,Lando,Norris,British,mclaren,McLaren,British,2,2,2,18,57,Finished,+4.630,5336217,1,36,1:29.746,
2025,6,Miami Grand Prix,2025-05-04,miami,Miami International Autodrome,USA,Miami,russell,RUS,63,George,Russell,British,mercedes,Mercedes,German,5,3,3,15,57,Finished,+37.644,5369231,3,31,1:30.318,
2025,6,Miami Grand Prix,2025-05-04,miami,Miami International Autodrome,USA,Miami,max_verstappen,VER,3,Max,Verstappen,Dutch,red_bull,Red Bull,Austrian,1,4,4,12,57,Finished,+39.956,5371543,5,41,1:30.466,
2025,6,Miami Grand Prix,2025-05-04,miami,Miami International Autodrome,USA,Miami,albon,ALB,23,Alexander,Albon,Thai,williams,Williams,British,7,5,5,10,57,Finished,+48.067,5379654,6,55,1:30.482,
2025,6,Miami Grand Prix,2025-05-04,miami,Miami International Autodrome,USA,Miami,antonelli,ANT,12,Andrea Kimi,Antonelli,Italian,mercedes,Mercedes,German,3,6,6,8,57,Finished,+55.502,5387089,9,27,1:30.795,
2025,6,Miami Grand Prix,2025-05-04,miami,Miami International Autodrome,USA,Miami,leclerc,LEC,16,Charles,Leclerc,Monegasque,ferrari,Ferrari,Italian,8,7,7,6,57,Finished,+57.036,5388623,4,35,1:30.461,
2025,6,Miami Grand Prix,2025-05-04,miami,Miami International Autodrome,USA,Miami,hamilton,HAM,44,Lewis,Hamilton,British,ferrari,Ferrari,Italian,12,8,8,4,57,Finished,+1:00.186,5391773,7,35,1:30.562,
2025,6,Miami Grand Prix,2025-05-04,miami,Miami International Autodrome,USA,Miami,sainz,SAI,55,Carlos,Sainz,Spanish,williams,Williams,British,6,9,9,2,57,Finished,+1:00.577,5392164,8,35,1:30.703,
2025,6,Miami Grand Prix,2025-05-04,miami,Miami International Autodrome,USA,Miami,tsunoda,TSU,22,Yuki,Tsunoda,Japanese,red_bull,Red Bull,Austrian,10,10,10,1,57,Finished,+1:14.434,5406021,10,55,1:30.964,
2025,6,Miami Grand Prix,2025-05-04,miami,Miami International Autodrome,USA,Miami,hadjar,HAD,6,Isack,Hadjar,French,rb,RB F1 Team,Italian,11,11,11,0,57,Finished,+1:14.602,5406189,11,51,1:30.971,
2025,6,Miami Grand Prix,2025-05-04,miami,Miami International Autodrome,USA,Miami,ocon,OCO,31,Esteban,Ocon,French,haas,Haas F1 Team,American,9,12,12,0,57,Finished,+1:22.006,5413593,13,30,1:31.122,
2025,6,Miami Grand Prix,2025-05-04,miami,Miami International Autodrome,USA,Miami,gasly,GAS,10,Pierre,Gasly,French,alpine,Alpine F1 Team,French,20,13,13,0,57,Finished,+1:30.445,5422032,14,35,1:31.159,
2025,6,Miami Grand Prix,2025-05-04,miami,Miami International Autodrome,USA,Miami,hulkenberg,HUL,27,Nico,Hülkenberg,German,sauber,Sauber,Swiss,16,14,14,0,56,Lapped,+1.155,5332742,12,43,1:31.015,
2025,6,Miami Grand Prix,2025-05-04,miami,Miami International Autodrome,USA,Miami,alonso,ALO,14,Fernando,Alonso,Spanish,aston_martin,Aston Martin,British,17,15,15,0,56,Lapped,+20.979,5352566,15,38,1:31.287,
2025,6,Miami Grand Prix,2025-05-04,miami,Miami International Autodrome,USA,Miami,stroll,STR,18,Lance,Stroll,Canadian,aston_martin,Aston Martin,British,18,16,16,0,56,Lapped,+25.162,5356749,16,50,1:31.769,
2025,6,Miami Grand Prix,2025-05-04,miami,Miami International Autodrome,USA,Miami,lawson,LAW,30,Liam,Lawson,New Zealander,rb,RB F1 Team,Italian,15,17,R,0,36,Retired,,,17,30,1:31.770,
2025,6,Miami Grand Prix,2025-05-04,miami,Miami International Autodrome,USA,Miami,bortoleto,BOR,5,Gabriel,Bortoleto,Brazilian,sauber,Sauber,Swiss,13,18,R,0,30,Retired,,,18,21,1:32.328,
2025,6,Miami Grand Prix,2025-05-04,miami,Miami International Autodrome,USA,Miami,bearman,BEA,87,Oliver,Bearman,British,haas,Haas F1 Team,American,19,19,R,0,27,Retired,,,19,24,1:32.680,
2025,6,Miami Grand Prix,2025-05-04,miami,Miami International Autodrome,USA,Miami,doohan,DOO,7,Jack,Doohan,Australian,alpine,Alpine F1 Team,French,14,20,R,0,0,Retired,,,,,,
2025,7,Emilia Romagna Grand Prix,2025-05-18,imola,Autodromo Enzo e Dino Ferrari,Italy,Imola,max_verstappen,VER,3,Max,Verstappen,Dutch,red_bull,Red Bull,Austrian,2,1,1,25,63,Finished,1:31:33.199,5493199,1,58,1:17.988,
2025,7,Emilia Romagna Grand Prix,2025-05-18,imola,Autodromo Enzo e Dino Ferrari,Italy,Imola,norris,NOR,1,Lando,Norris,British,mclaren,McLaren,British,4,2,2,18,63,Finished,+6.109,5499308,4,63,1:18.311,
2025,7,Emilia Romagna Grand Prix,2025-05-18,imola,Autodromo Enzo e Dino Ferrari,Italy,Imola,piastri,PIA,81,Oscar,Piastri,Australian,mclaren,McLaren,British,1,3,3,15,63,Finished,+12.956,5506155,5,56,1:18.894,
2025,7,Emilia Romagna Grand Prix,2025-05-18,imola,Autodromo Enzo e Dino Ferrari,Italy,Imola,hamilton,HAM,44,Lewis,Hamilton,British,ferrari,Ferrari,Italian,12,4,4,12,63,Finished,+14.356,5507555,2,61,1:18.265,
2025,7,Emilia Romagna Grand Prix,2025-05-18,imola,Autodromo Enzo e Dino Ferrari,Italy,Imola,albon,ALB,23,Alexander,Albon,Thai,williams,Williams,British,7,5,5,10,63,Finished,+17.945,5511144,3,63,1:18.289,
2025,7,Emilia Romagna Grand Prix,2025-05-18,imola,Autodromo Enzo e Dino Ferrari,Italy,Imola,leclerc,LEC,16,Charles,Leclerc,Monegasque,ferrari,Ferrari,Italian,11,6,6,8,63,Finished,+20.774,5513973,6,56,1:19.048,
2025,7,Emilia Romagna Grand Prix,2025-05-18,imola,Autodromo Enzo e Dino Ferrari,Italy,Imola,russell,RUS,63,George,Russell,British,mercedes,Mercedes,German,3,7,7,6,63,Finished,+22.034,5515233,9,55,1:19.733,
2025,7,Emilia Romagna Grand Prix,2025-05-18,imola,Autodromo Enzo e Dino Ferrari,Italy,Imola,sainz,SAI,55,Carlos,Sainz,Spanish,williams,Williams,British,6,8,8,4,63,Finished,+22.898,5516097,10,58,1:19.836,
2025,7,Emilia Romagna Grand Prix,2025-05-18,imola,Autodromo Enzo e Dino Ferrari,Italy,Imola,hadjar,HAD,6,Isack,Hadjar,French,rb,RB F1 Team,Italian,9,9,9,2,63,Finished,+23.586,5516785,7,60,1:19.473,
2025,7,Emilia Romagna Grand Prix,2025-05-18,imola,Autodromo Enzo e Dino Ferrari,Italy,Imola,tsunoda,TSU,22,Yuki,Tsunoda,Japanese,red_bull,Red Bull,Austrian,20,10,10,1,63,Finished,+26.446,5519645,12,60,1:20.039,
2025,7,Emilia Romagna Grand Prix,2025-05-18,imola,Autodromo Enzo e Dino Ferrari,Italy,Imola,alonso,ALO,14,Fernando,Alonso,Spanish,aston_martin,Aston Martin,British,5,11,11,0,63,Finished,+27.250,5520449,11,61,1:19.894,
2025,7,Emilia Romagna Grand Prix,2025-05-18,imola,Autodromo Enzo e Dino Ferrari,Italy,Imola,hulkenberg,HUL,27,Nico,Hülkenberg,German,sauber,Sauber,Swiss,17,12,12,0,63,Finished,+30.296,5523495,15,62,1:20.401,
2025,7,Emilia Romagna Grand Prix,2025-05-18,imola,Autodromo Enzo e Dino Ferrari,Italy,Imola,gasly,GAS,10,Pierre,Gasly,French,alpine,Alpine F1 Team,French,10,13,13,0,63,Finished,+31.424,5524623,14,58,1:20.398,
2025,7,Emilia Romagna Grand Prix,2025-05-18,imola,Autodromo Enzo e Dino Ferrari,Italy,Imola,lawson,LAW,30,Liam,Lawson,New Zealander,rb,RB F1 Team,Italian,15,14,14,0,63,Finished,+32.511,5525710,16,60,1:20.473,
2025,7,Emilia Romagna Grand Prix,2025-05-18,imola,Autodromo Enzo e Dino Ferrari,Italy,Imola,stroll,STR,18,Lance,Stroll,Canadian,aston_martin,Aston Martin,British,8,15,15,0,63,Finished,+32.993,5526192,17,58,1:20.501,
2025,7,Emilia Romagna Grand Prix,2025-05-18,imola,Autodromo Enzo e Dino Ferrari,Italy,Imola,colapinto,COL,43,Franco,Colapinto,Argentine,alpine,Alpine F1 Team,French,16,16,16,0,63,Finished,+33.411,5526610,13,57,1:20.345,
2025,7,Emilia Romagna Grand Prix,2025-05-18,imola,Autodromo Enzo e Dino Ferrari,Italy,Imola,bearman,BEA,87,Oliver,Bearman,British,haas,Haas F1 Team,American,19,17,17,0,63,Finished,+33.808,5527007,8,52,1:19.521,
2025,7,Emilia Romagna Grand Prix,2025-05-18,imola,Autodromo Enzo e Dino Ferrari,Italy,Imola,bortoleto,BOR,5,Gabriel,Bortoleto,Brazilian,sauber,Sauber,Swiss,14,18,18,0,63,Finished,+38.572,5531771,19,57,1:20.630,
2025,7,Emilia Romagna Grand Prix,2025-05-18,imola,Autodromo Enzo e Dino Ferrari,Italy,Imola,antonelli,ANT,12,Andrea Kimi,Antonelli,Italian,mercedes,Mercedes,German,13,19,R,0,44,Retired,,,18,33,1:20.620,
2025,7,Emilia Romagna Grand Prix,2025-05-18,imola,Autodromo Enzo e Dino Ferrari,Italy,Imola,ocon,OCO,31,Esteban,Ocon,French,haas,Haas F1 Team,American,18,20,R,0,27,Retired,,,20,3,1:21.413,
2025,8,Monaco Grand Prix,2025-05-25,monaco,Circuit de Monaco,Monaco,Monte Carlo,norris,NOR,1,Lando,Norris,British,mclaren,McLaren,British,1,1,1,25,78,Finished,1:40:33.843,6033843,1,78,1:13.221,
2025,8,Monaco Grand Prix,2025-05-25,monaco,Circuit de Monaco,Monaco,Monte Carlo,leclerc,LEC,16,Charles,Leclerc,Monegasque,ferrari,Ferrari,Italian,2,2,2,18,78,Finished,+3.131,6036974,6,36,1:14.055,
2025,8,Monaco Grand Prix,2025-05-25,monaco,Circuit de Monaco,Monaco,Monte Carlo,piastri,PIA,81,Oscar,Piastri,Australian,mclaren,McLaren,British,3,3,3,15,78,Finished,+3.658,6037501,4,60,1:13.745,
2025,8,Monaco Grand Prix,2025-05-25,monaco,Circuit de Monaco,Monaco,Monte Carlo,max_verstappen,VER,3,Max,Verstappen,Dutch,red_bull,Red Bull,Austrian,4,4,4,12,78,Finished,+20.572,6054415,8,45,1:14.230,
2025,8,Monaco Grand Prix,2025-05-25,monaco,Circuit de Monaco,Monaco,Monte Carlo,hamilton,HAM,44,Lewis,Hamilton,British,ferrari,Ferrari,Italian,7,5,5,10,78,Finished,+51.387,6085230,7,73,1:14.090,
2025,8,Monaco Grand Prix,2025-05-25,monaco,Circuit de Monaco,Monaco,Monte Carlo,hadjar,HAD,6,Isack,Hadjar,French,rb,RB F1 Team,Italian,5,6,6,8,77,Lapped,+1:05.082,6098925,19,16,1:15.981,
2025,8,Monaco Grand Prix,2025-05-25,monaco,Circuit de Monaco,Monaco,Monte Carlo,ocon,OCO,31,Esteban,Ocon,French,haas,Haas F1 Team,American,8,7,7,6,77,Lapped,+1:06.029,6099872,14,34,1:15.157,
2025,8,Monaco Grand Prix,2025-05-25,monaco,Circuit de Monaco,Monaco,Monte Carlo,lawson,LAW,30,Liam,Lawson,New Zealander,rb,RB F1 Team,Italian,9,8,8,4,77,Lapped,+1:06.746,6100589,17,54,1:15.321,
2025,8,Monaco Grand Prix,2025-05-25,monaco,Circuit de Monaco,Monaco,Monte Carlo,albon,ALB,23,Alexander,Albon,Thai,williams,Williams,British,10,9,9,2,76,Lapped,+11.869,6045712,9,74,1:14.597,
2025,8,Monaco Grand Prix,2025-05-25,monaco,Circuit de Monaco,Monaco,Monte Carlo,sainz,SAI,55,Carlos,Sainz,Spanish,williams,Williams,British,11,10,10,1,76,Lapped,+15.232,6049075,5,68,1:13.988,
2025,8,Monaco Grand Prix,2025-05-25,monaco,Circuit de Monaco,Monaco,Monte Carlo,russell,RUS,63,George,Russell,British,mercedes,Mercedes,German,14,11,11,0,76,Lapped,+33.844,6067687,2,74,1:13.405,
2025,8,Monaco Grand Prix,2025-05-25,monaco,Circuit de Monaco,Monaco,Monte Carlo,bearman,BEA,87,Oliver,Bearman,British,haas,Haas F1 Team,American,20,12,12,0,76,Lapped,+54.693,6088536,10,6,1:14.855,
2025,8,Monaco Grand Prix,2025-05-25,monaco,Circuit de Monaco,Monaco,Monte Carlo,colapinto,COL,43,Franco,Colapinto,Argentine,alpine,Alpine F1 Team,French,18,13,13,0,76,Lapped,+57.114,6090957,16,30,1:15.298,
2025,8,Monaco Grand Prix,2025-05-25,monaco,Circuit de Monaco,Monaco,Monte Carlo,bortoleto,BOR,5,Gabriel,Bortoleto,Brazilian,sauber,Sauber,Swiss,16,14,14,0,76,Lapped,+1:08.424,6102267,12,37,1:14.884,
2025,8,Monaco Grand Prix,2025-05-25,monaco,Circuit de Monaco,Monaco,Monte Carlo,stroll,STR,18,Lance,Stroll,Canadian,aston_martin,Aston Martin,British,19,15,15,0,76,Lapped,+1:10.395,6104238,11,67,1:14.877,
2025,8,Monaco Grand Prix,2025-05-25,monaco,Circuit de Monaco,Monaco,Monte Carlo,hulkenberg,HUL,27,Nico,Hülkenberg,German,sauber,Sauber,Swiss,13,16,16,0,76,Lapped,+1:11.544,6105387,15,47,1:15.223,
2025,8,Monaco Grand Prix,2025-05-25,monaco,Circuit de Monaco,Monaco,Monte Carlo,tsunoda,TSU,22,Yuki,Tsunoda,Japanese,red_bull,Red Bull,Austrian,12,17,17,0,76,Lapped,+1:11.849,6105692,13,75,1:14.913,
2025,8,Monaco Grand Prix,2025-05-25,monaco,Circuit de Monaco,Monaco,Monte Carlo,antonelli,ANT,12,Andrea Kimi,Antonelli,Italian,mercedes,Mercedes,German,15,18,18,0,75,Lapped,+8.409,6042252,3,74,1:13.518,
2025,8,Monaco Grand Prix,2025-05-25,monaco,Circuit de Monaco,Monaco,Monte Carlo,alonso,ALO,14,Fernando,Alonso,Spanish,aston_martin,Aston Martin,British,6,19,R,0,36,Retired,,,18,15,1:15.593,
2025,8,Monaco Grand Prix,2025-05-25,monaco,Circuit de Monaco,Monaco,Monte Carlo,gasly,GAS,10,Pierre,Gasly,French,alpine,Alpine F1 Team,French,17,20,R,0,7,Retired,,,20,6,1:18.054,
2025,9,Spanish Grand Prix,2025-06-01,catalunya,Circuit de Barcelona-Catalunya,Spain,Barcelona,piastri,PIA,81,Oscar,Piastri,Australian,mclaren,McLaren,British,1,1,1,25,66,Finished,1:32:57.375,5577375,1,61,1:15.743,
2025,9,Spanish Grand Prix,2025-06-01,catalunya,Circuit de Barcelona-Catalunya,Spain,Barcelona,norris,NOR,1,Lando,Norris,British,mclaren,McLaren,British,2,2,2,18,66,Finished,+2.471,5579846,2,61,1:16.187,
2025,9,Spanish Grand Prix,2025-06-01,catalunya,Circuit de Barcelona-Catalunya,Spain,Barcelona,leclerc,LEC,16,Charles,Leclerc,Monegasque,ferrari,Ferrari,Italian,7,3,3,15,66,Finished,+10.455,5587830,5,62,1:17.259,
2025,9,Spanish Grand Prix,2025-06-01,catalunya,Circuit de Barcelona-Catalunya,Spain,Barcelona,russell,RUS,63,George,Russell,British,mercedes,Mercedes,German,4,4,4,12,66,Finished,+11.359,5588734,4,62,1:17.244,
2025,9,Spanish Grand Prix,2025-06-01,catalunya,Circuit de Barcelona-Catalunya,Spain,Barcelona,hulkenberg,HUL,27,Nico,Hülkenberg,German,sauber,Sauber,Swiss,15,5,5,10,66,Finished,+13.648,5591023,6,63,1:17.575,
2025,9,Spanish Grand Prix,2025-06-01,catalunya,Circuit de Barcelona-Catalunya,Spain,Barcelona,hamilton,HAM,44,Lewis,Hamilton,British,ferrari,Ferrari,Italian,5,6,6,8,66,Finished,+15.508,5592883,7,62,1:17.706,
2025,9,Spanish Grand Prix,2025-06-01,catalunya,Circuit de Barcelona-Catalunya,Spain,Barcelona,hadjar,HAD,6,Isack,Hadjar,French,rb,RB F1 Team,Italian,9,7,7,6,66,Finished,+16.022,5593397,8,63,1:17.770,
2025,9,Spanish Grand Prix,2025-06-01,catalunya,Circuit de Barcelona-Catalunya,Spain,Barcelona,gasly,GAS,10,Pierre,Gasly,French,alpine,Alpine F1 Team,French,8,8,8,4,66,Finished,+17.882,5595257,9,63,1:17.896,
2025,9,Spanish Grand Prix,2025-06-01,catalunya,Circuit de Barcelona-Catalunya,Spain,Barcelona,alonso,ALO,14,Fernando,Alonso,Spanish,aston_martin,Aston Martin,British,10,9,9,2,66,Finished,+21.564,5598939,11,66,1:18.128,
2025,9,Spanish Grand Prix,2025-06-01,catalunya,Circuit de Barcelona-Catalunya,Spain,Barcelona,max_verstappen,VER,3,Max,Verstappen,Dutch,red_bull,Red Bull,Austrian,3,10,10,1,66,Finished,+21.826,5599201,3,62,1:17.019,
2025,9,Spanish Grand Prix,2025-06-01,catalunya,Circuit de Barcelona-Catalunya,Spain,Barcelona,lawson,LAW,30,Liam,Lawson,New Zealander,rb,RB F1 Team,Italian,13,11,11,0,66,Finished,+25.532,5602907,18,62,1:19.424,
2025,9,Spanish Grand Prix,2025-06-01,catalunya,Circuit de Barcelona-Catalunya,Spain,Barcelona,bortoleto,BOR,5,Gabriel,Bortoleto,Brazilian,sauber,Sauber,Swiss,12,12,12,0,66,Finished,+25.996,5603371,13,51,1:18.297,
2025,9,Spanish Grand Prix,2025-06-01,catalunya,Circuit de Barcelona-Catalunya,Spain,Barcelona,tsunoda,TSU,22,Yuki,Tsunoda,Japanese,red_bull,Red Bull,Austrian,19,13,13,0,66,Finished,+28.822,5606197,10,46,1:17.998,
2025,9,Spanish Grand Prix,2025-06-01,catalunya,Circuit de Barcelona-Catalunya,Spain,Barcelona,sainz,SAI,55,Carlos,Sainz,Spanish,williams,Williams,British,17,14,14,0,66,Finished,+29.309,5606684,17,65,1:19.317,
2025,9,Spanish Grand Prix,2025-06-01,catalunya,Circuit de Barcelona-Catalunya,Spain,Barcelona,colapinto,COL,43,Franco,Colapinto,Argentine,alpine,Alpine F1 Team,French,18,15,15,0,66,Finished,+31.381,5608756,14,41,1:18.353,
2025,9,Spanish Grand Prix,2025-06-01,catalunya,Circuit de Barcelona-Catalunya,Spain,Barcelona,ocon,OCO,31,Esteban,Ocon,French,haas,Haas F1 Team,American,16,16,16,0,66,Finished,+32.197,5609572,15,46,1:18.624,
2025,9,Spanish Grand Prix,2025-06-01,catalunya,Circuit de Barcelona-Catalunya,Spain,Barcelona,bearman,BEA,87,Oliver,Bearman,British,haas,Haas F1 Team,American,14,17,17,0,66,Finished,+37.065,5614440,16,63,1:18.907,
2025,9,Spanish Grand Prix,2025-06-01,catalunya,Circuit de Barcelona-Catalunya,Spain,Barcelona,antonelli,ANT,12,Andrea Kimi,Antonelli,Italian,mercedes,Mercedes,German,6,18,R,0,53,Retired,,,12,52,1:18.255,
2025,9,Spanish Grand Prix,2025-06-01,catalunya,Circuit de Barcelona-Catalunya,Spain,Barcelona,albon,ALB,23,Alexander,Albon,Thai,williams,Williams,British,11,19,R,0,27,Retired,,,19,9,1:20.508,
2025,10,Canadian Grand Prix,2025-06-15,villeneuve,Circuit Gilles Villeneuve,Canada,Montreal,russell,RUS,63,George,Russell,British,mercedes,Mercedes,German,1,1,1,25,70,Finished,1:31:52.688,5512688,1,63,1:14.119,
2025,10,Canadian Grand Prix,2025-06-15,villeneuve,Circuit Gilles Villeneuve,Canada,Montreal,max_verstappen,VER,3,Max,Verstappen,Dutch,red_bull,Red Bull,Austrian,2,2,2,18,70,Finished,+0.228,5512916,5,62,1:14.287,
2025,10,Canadian Grand Prix,2025-06-15,villeneuve,Circuit Gilles Villeneuve,Canada,Montreal,antonelli,ANT,12,Andrea Kimi,Antonelli,Italian,mercedes,Mercedes,German,4,3,3,15,70,Finished,+1.014,5513702,7,60,1:14.455,
2025,10,Canadian Grand Prix,2025-06-15,villeneuve,Circuit Gilles Villeneuve,Canada,Montreal,piastri,PIA,81,Oscar,Piastri,Australian,mclaren,McLaren,British,3,4,4,12,70,Finished,+2.109,5514797,3,64,1:14.255,
2025,10,Canadian Grand Prix,2025-06-15,villeneuve,Circuit Gilles Villeneuve,Canada,Montreal,leclerc,LEC,16,Charles,Leclerc,Monegasque,ferrari,Ferrari,Italian,8,5,5,10,70,Finished,+3.442,5516130,4,57,1:14.261,
2025,10,Canadian Grand Prix,2025-06-15,villeneuve,Circuit Gilles Villeneuve,Canada,Montreal,hamilton,HAM,44,Lewis,Hamilton,British,ferrari,Ferrari,Italian,5,6,6,8,70,Finished,+10.713,5523401,9,64,1:14.805,
2025,10,Canadian Grand Prix,2025-06-15,villeneuve,Circuit Gilles Villeneuve,Canada,Montreal,alonso,ALO,14,Fernando,Alonso,Spanish,aston_martin,Aston Martin,British,6,7,7,6,70,Finished,+10.972,5523660,12,58,1:15.024,
2025,10,Canadian Grand Prix,2025-06-15,villeneuve,Circuit Gilles Villeneuve,Canada,Montreal,hulkenberg,HUL,27,Nico,Hülkenberg,German,sauber,Sauber,Swiss,11,8,8,4,70,Finished,+15.364,5528052,14,65,1:15.372,
2025,10,Canadian Grand Prix,2025-06-15,villeneuve,Circuit Gilles Villeneuve,Canada,Montreal,ocon,OCO,31,Esteban,Ocon,French,haas,Haas F1 Team,American,14,9,9,2,69,Lapped,+1.473,5514161,8,61,1:14.593,
2025,10,Canadian Grand Prix,2025-06-15,villeneuve,Circuit Gilles Villeneuve,Canada,Montreal,sainz,SAI,55,Carlos,Sainz,Spanish,williams,Williams,British,16,10,10,1,69,Lapped,+1.886,5514574,6,59,1:14.389,
2025,10,Canadian Grand Prix,2025-06-15,villeneuve,Circuit Gilles Villeneuve,Canada,Montreal,bearman,BEA,87,Oliver,Bearman,British,haas,Haas F1 Team,American,13,11,11,0,69,Lapped,+3.717,5516405,15,62,1:15.397,
2025,10,Canadian Grand Prix,2025-06-15,villeneuve,Circuit Gilles Villeneuve,Canada,Montreal,tsunoda,TSU,22,Yuki,Tsunoda,Japanese,red_bull,Red Bull,Austrian,18,12,12,0,69,Lapped,+5.456,5518144,13,59,1:15.358,
2025,10,Canadian Grand Prix,2025-06-15,villeneuve,Circuit Gilles Villeneuve,Canada,Montreal,colapinto,COL,43,Franco,Colapinto,Argentine,alpine,Alpine F1 Team,French,10,13,13,0,69,Lapped,+7.018,5519706,17,53,1:16.076,
2025,10,Canadian Grand Prix,2025-06-15,villeneuve,Circuit Gilles Villeneuve,Canada,Montreal,bortoleto,BOR,5,Gabriel,Bortoleto,Brazilian,sauber,Sauber,Swiss,15,14,14,0,69,Lapped,+7.879,5520567,16,56,1:15.414,
2025,10,Canadian Grand Prix,2025-06-15,villeneuve,Circuit Gilles Villeneuve,Canada,Montreal,gasly,GAS,10,Pierre,Gasly,French,alpine,Alpine F1 Team,French,20,15,15,0,69,Lapped,+7.950,5520638,11,63,1:14.993,
2025,10,Canadian Grand Prix,2025-06-15,villeneuve,Circuit Gilles Villeneuve,Canada,Montreal,hadjar,HAD,6,Isack,Hadjar,French,rb,RB F1 Team,Italian,12,16,16,0,69,Lapped,+8.737,5521425,19,51,1:16.292,
2025,10,Canadian Grand Prix,2025-06-15,villeneuve,Circuit Gilles Villeneuve,Canada,Montreal,stroll,STR,18,Lance,Stroll,Canadian,aston_martin,Aston Martin,British,17,17,17,0,69,Lapped,+9.063,5521751,10,57,1:14.902,
2025,10,Canadian Grand Prix,2025-06-15,villeneuve,Circuit Gilles Villeneuve,Canada,Montreal,norris,NOR,1,Lando,Norris,British,mclaren,McLaren,British,7,18,18,0,66,Retired,,5042470,2,65,1:14.229,
2025,10,Canadian Grand Prix,2025-06-15,villeneuve,Circuit Gilles Villeneuve,Canada,Montreal,lawson,LAW,30,Liam,Lawson,New Zealander,rb,RB F1 Team,Italian,19,19,R,0,53,Retired,,,20,52,1:16.320,
2025,10,Canadian Grand Prix,2025-06-15,villeneuve,Circuit Gilles Villeneuve,Canada,Montreal,albon,ALB,23,Alexander,Albon,Thai,williams,Williams,British,9,20,R,0,46,Retired,,,18,31,1:16.197,
2025,11,Austrian Grand Prix,2025-06-29,red_bull_ring,Red Bull Ring,Austria,Spielberg,norris,NOR,1,Lando,Norris,British,mclaren,McLaren,British,1,1,1,25,70,Finished,1:23:47.693,5027693,2,61,1:08.272,
2025,11,Austrian Grand Prix,2025-06-29,red_bull_ring,Red Bull Ring,Austria,Spielberg,piastri,PIA,81,Oscar,Piastri,Australian,mclaren,McLaren,British,3,2,2,18,70,Finished,+2.695,5030388,1,59,1:07.924,
2025,11,Austrian Grand Prix,2025-06-29,red_bull_ring,Red Bull Ring,Austria,Spielberg,leclerc,LEC,16,Charles,Leclerc,Monegasque,ferrari,Ferrari,Italian,2,3,3,15,70,Finished,+19.820,5047513,4,56,1:08.765,
2025,11,Austrian Grand Prix,2025-06-29,red_bull_ring,Red Bull Ring,Austria,Spielberg,hamilton,HAM,44,Lewis,Hamilton,British,ferrari,Ferrari,Italian,4,4,4,12,70,Finished,+29.020,5056713,3,53,1:08.628,
2025,11,Austrian Grand Prix,2025-06-29,red_bull_ring,Red Bull Ring,Austria,Spielberg,russell,RUS,63,George,Russell,British,mercedes,Mercedes,German,5,5,5,10,70,Finished,+1:02.396,5090089,7,47,1:09.372,
2025,11,Austrian Grand Prix,2025-06-29,red_bull_ring,Red Bull Ring,Austria,Spielberg,lawson,LAW,30,Liam,Lawson,New Zealander,rb,RB F1 Team,Italian,6,6,6,8,70,Finished,+1:07.754,5095447,14,58,1:09.977,
2025,11,Austrian Grand Prix,2025-06-29,red_bull_ring,Red Bull Ring,Austria,Spielberg,alonso,ALO,14,Fernando,Alonso,Spanish,aston_martin,Aston Martin,British,11,7,7,6,69,Lapped,+1.437,5029130,12,39,1:09.935,
2025,11,Austrian Grand Prix,2025-06-29,red_bull_ring,Red Bull Ring,Austria,Spielberg,bortoleto,BOR,5,Gabriel,Bortoleto,Brazilian,sauber,Sauber,Swiss,8,8,8,4,69,Lapped,+1.952,5029645,6,60,1:09.247,
2025,11,Austrian Grand Prix,2025-06-29,red_bull_ring,Red Bull Ring,Austria,Spielberg,hulkenberg,HUL,27,Nico,Hülkenberg,German,sauber,Sauber,Swiss,20,9,9,2,69,Lapped,+7.720,5035413,8,57,1:09.459,
2025,11,Austrian Grand Prix,2025-06-29,red_bull_ring,Red Bull Ring,Austria,Spielberg,ocon,OCO,31,Esteban,Ocon,French,haas,Haas F1 Team,American,17,10,10,1,69,Lapped,+9.986,5037679,9,55,1:09.550,
2025,11,Austrian Grand Prix,2025-06-29,red_bull_ring,Red Bull Ring,Austria,Spielberg,bearman,BEA,87,Oliver,Bearman,British,haas,Haas F1 Team,American,15,11,11,0,69,Lapped,+24.854,5052547,13,42,1:09.960,
2025,11,Austrian Grand Prix,2025-06-29,red_bull_ring,Red Bull Ring,Austria,Spielberg,hadjar,HAD,6,Isack,Hadjar,French,rb,RB F1 Team,Italian,13,12,12,0,69,Lapped,+27.957,5055650,16,40,1:10.204,
2025,11,Austrian Grand Prix,2025-06-29,red_bull_ring,Red Bull Ring,Austria,Spielberg,gasly,GAS,10,Pierre,Gasly,French,alpine,Alpine F1 Team,French,10,13,13,0,69,Lapped,+33.055,5060748,15,46,1:10.151,
2025,11,Austrian Grand Prix,2025-06-29,red_bull_ring,Red Bull Ring,Austria,Spielberg,stroll,STR,18,Lance,Stroll,Canadian,aston_martin,Aston Martin,British,16,14,14,0,69,Lapped,+34.462,5062155,5,55,1:09.214,
2025,11,Austrian Grand Prix,2025-06-29,red_bull_ring,Red Bull Ring,Austria,Spielberg,colapinto,COL,43,Franco,Colapinto,Argentine,alpine,Alpine F1 Team,French,14,15,15,0,69,Lapped,+42.692,5070385,10,44,1:09.621,
2025,11,Austrian Grand Prix,2025-06-29,red_bull_ring,Red Bull Ring,Austria,Spielberg,tsunoda,TSU,22,Yuki,Tsunoda,Japanese,red_bull,Red Bull,Austrian,18,16,16,0,68,Lapped,+2.979,5030672,11,62,1:09.802,
2025,11,Austrian Grand Prix,2025-06-29,red_bull_ring,Red Bull Ring,Austria,Spielberg,albon,ALB,23,Alexander,Albon,Thai,williams,Williams,British,12,17,R,0,15,Retired,,,17,9,1:10.641,
2025,11,Austrian Grand Prix,2025-06-29,red_bull_ring,Red Bull Ring,Austria,Spielberg,max_verstappen,VER,3,Max,Verstappen,Dutch,red_bull,Red Bull,Austrian,7,18,R,0,0,Retired,,,,,,
2025,11,Austrian Grand Prix,2025-06-29,red_bull_ring,Red Bull Ring,Austria,Spielberg,antonelli,ANT,12,Andrea Kimi,Antonelli,Italian,mercedes,Mercedes,German,9,19,R,0,0,Retired,,,,,,
2025,11,Austrian Grand Prix,2025-06-29,red_bull_ring,Red Bull Ring,Austria,Spielberg,sainz,SAI,55,Carlos,Sainz,Spanish,williams,Williams,British,19,20,W,0,0,Did not start,,,,,,
2025,12,British Grand Prix,2025-07-06,silverstone,Silverstone Circuit,UK,Silverstone,norris,NOR,1,Lando,Norris,British,mclaren,McLaren,British,3,1,1,25,52,Finished,1:37:15.735,5835735,2,48,1:29.734,
2025,12,British Grand Prix,2025-07-06,silverstone,Silverstone Circuit,UK,Silverstone,piastri,PIA,81,Oscar,Piastri,Australian,mclaren,McLaren,British,2,2,2,18,52,Finished,+6.812,5842547,1,51,1:29.337,
2025,12,British Grand Prix,2025-07-06,silverstone,Silverstone Circuit,UK,Silverstone,hulkenberg,HUL,27,Nico,Hülkenberg,German,sauber,Sauber,Swiss,19,3,3,15,52,Finished,+34.742,5870477,14,51,1:30.933,
2025,12,British Grand Prix,2025-07-06,silverstone,Silverstone Circuit,UK,Silverstone,hamilton,HAM,44,Lewis,Hamilton,British,ferrari,Ferrari,Italian,5,4,4,12,52,Finished,+39.812,5875547,3,49,1:30.016,
2025,12,British Grand Prix,2025-07-06,silverstone,Silverstone Circuit,UK,Silverstone,max_verstappen,VER,3,Max,Verstappen,Dutch,red_bull,Red Bull,Austrian,1,5,5,10,52,Finished,+56.781,5892516,5,49,1:30.179,
2025,12,British Grand Prix,2025-07-06,silverstone,Silverstone Circuit,UK,Silverstone,gasly,GAS,10,Pierre,Gasly,French,alpine,Alpine F1 Team,French,8,6,6,8,52,Finished,+59.857,5895592,8,48,1:30.751,
2025,12,British Grand Prix,2025-07-06,silverstone,Silverstone Circuit,UK,Silverstone,stroll,STR,18,Lance,Stroll,Canadian,aston_martin,Aston Martin,British,17,7,7,6,52,Finished,+1:00.603,5896338,15,50,1:32.088,
2025,12,British Grand Prix,2025-07-06,silverstone,Silverstone Circuit,UK,Silverstone,albon,ALB,23,Alexander,Albon,Thai,williams,Williams,British,13,8,8,4,52,Finished,+1:04.135,5899870,4,50,1:30.047,
2025,12,British Grand Prix,2025-07-06,silverstone,Silverstone Circuit,UK,Silverstone,alonso,ALO,14,Fernando,Alonso,Spanish,aston_martin,Aston Martin,British,7,9,9,2,52,Finished,+1:05.858,5901593,6,49,1:30.353,
2025,12,British Grand Prix,2025-07-06,silverstone,Silverstone Circuit,UK,Silverstone,russell,RUS,63,George,Russell,British,mercedes,Mercedes,German,4,10,10,1,52,Finished,+1:10.674,5906409,11,51,1:30.869,
2025,12,British Grand Prix,2025-07-06,silverstone,Silverstone Circuit,UK,Silverstone,bearman,BEA,87,Oliver,Bearman,British,haas,Haas F1 Team,American,18,11,11,0,52,Finished,+1:12.095,5907830,13,50,1:30.921,
2025,12,British Grand Prix,2025-07-06,silverstone,Silverstone Circuit,UK,Silverstone,sainz,SAI,55,Carlos,Sainz,Spanish,williams,Williams,British,9,12,12,0,52,Finished,+1:16.592,5912327,7,52,1:30.645,
2025,12,British Grand Prix,2025-07-06,silverstone,Silverstone Circuit,UK,Silverstone,ocon,OCO,31,Esteban,Ocon,French,haas,Haas F1 Team,American,14,13,13,0,52,Finished,+1:17.301,5913036,9,52,1:30.818,
2025,12,British Grand Prix,2025-07-06,silverstone,Silverstone Circuit,UK,Silverstone,leclerc,LEC,16,Charles,Leclerc,Monegasque,ferrari,Ferrari,Italian,6,14,14,0,52,Finished,+1:24.477,5920212,10,50,1:30.819,
2025,12,British Grand Prix,2025-07-06,silverstone,Silverstone Circuit,UK,Silverstone,tsunoda,TSU,22,Yuki,Tsunoda,Japanese,red_bull,Red Bull,Austrian,11,15,15,0,51,Lapped,+32.250,5867985,12,49,1:30.873,
2025,12,British Grand Prix,2025-07-06,silverstone,Silverstone Circuit,UK,Silverstone,antonelli,ANT,12,Andrea Kimi,Antonelli,Italian,mercedes,Mercedes,German,10,16,R,0,23,Retired,,,17,8,1:45.576,
2025,12,British Grand Prix,2025-07-06,silverstone,Silverstone Circuit,UK,Silverstone,hadjar,HAD,6,Isack,Hadjar,French,rb,RB F1 Team,Italian,12,17,R,0,17,Retired,,,16,9,1:41.705,
2025,12,British Grand Prix,2025-07-06,silverstone,Silverstone Circuit,UK,Silverstone,bortoleto,BOR,5,Gabriel,Bortoleto,Brazilian,sauber,Sauber,Swiss,16,18,R,0,3,Retired,,,18,3,2:16.121,
2025,12,British Grand Prix,2025-07-06,silverstone,Silverstone Circuit,UK,Silverstone,lawson,LAW,30,Liam,Lawson,New Zealander,rb,RB F1 Team,Italian,15,19,R,0,0,Retired,,,,,,
2025,12,British Grand Prix,2025-07-06,silverstone,Silverstone Circuit,UK,Silverstone,colapinto,COL,43,Franco,Colapinto,Argentine,alpine,Alpine F1 Team,French,20,20,W,0,0,Did not start,,,,,,
2025,13,Belgian Grand Prix,2025-07-27,spa,Circuit de Spa-Francorchamps,Belgium,Spa,piastri,PIA,81,Oscar,Piastri,Australian,mclaren,McLaren,British,2,1,1,25,44,Finished,1:25:22.601,5122601,4,43,1:45.706,
2025,13,Belgian Grand Prix,2025-07-27,spa,Circuit de Spa-Francorchamps,Belgium,Spa,norris,NOR,1,Lando,Norris,British,mclaren,McLaren,British,1,2,2,18,44,Finished,+3.415,5126016,3,42,1:45.257,
2025,13,Belgian Grand Prix,2025-07-27,spa,Circuit de Spa-Francorchamps,Belgium,Spa,leclerc,LEC,16,Charles,Leclerc,Monegasque,ferrari,Ferrari,Italian,3,3,3,15,44,Finished,+20.185,5142786,9,40,1:46.174,
2025,13,Belgian Grand Prix,2025-07-27,spa,Circuit de Spa-Francorchamps,Belgium,Spa,max_verstappen,VER,3,Max,Verstappen,Dutch,red_bull,Red Bull,Austrian,4,4,4,12,44,Finished,+21.731,5144332,7,40,1:46.096,
2025,13,Belgian Grand Prix,2025-07-27,spa,Circuit de Spa-Francorchamps,Belgium,Spa,russell,RUS,63,George,Russell,British,mercedes,Mercedes,German,6,5,5,10,44,Finished,+34.863,5157464,11,43,1:46.566,
2025,13,Belgian Grand Prix,2025-07-27,spa,Circuit de Spa-Francorchamps,Belgium,Spa,albon,ALB,23,Alexander,Albon,Thai,williams,Williams,British,5,6,6,8,44,Finished,+39.926,5162527,15,38,1:46.813,
2025,13,Belgian Grand Prix,2025-07-27,spa,Circuit de Spa-Francorchamps,Belgium,Spa,hamilton,HAM,44,Lewis,Hamilton,British,ferrari,Ferrari,Italian,18,7,7,6,44,Finished,+40.679,5163280,10,43,1:46.534,
2025,13,Belgian Grand Prix,2025-07-27,spa,Circuit de Spa-Francorchamps,Belgium,Spa,lawson,LAW,30,Liam,Lawson,New Zealander,rb,RB F1 Team,Italian,9,8,8,4,44,Finished,+52.033,5174634,12,38,1:46.649,
2025,13,Belgian Grand Prix,2025-07-27,spa,Circuit de Spa-Francorchamps,Belgium,Spa,bortoleto,BOR,5,Gabriel,Bortoleto,Brazilian,sauber,Sauber,Swiss,10,9,9,2,44,Finished,+56.434,5179035,16,41,1:46.966,
2025,13,Belgian Grand Prix,2025-07-27,spa,Circuit de Spa-Francorchamps,Belgium,Spa,gasly,GAS,10,Pierre,Gasly,French,alpine,Alpine F1 Team,French,13,10,10,1,44,Finished,+1:12.714,5195315,17,42,1:47.177,
2025,13,Belgian Grand Prix,2025-07-27,spa,Circuit de Spa-Francorchamps,Belgium,Spa,bearman,BEA,87,Oliver,Bearman,British,haas,Haas F1 Team,American,12,11,11,0,44,Finished,+1:13.145,5195746,13,43,1:46.709,
2025,13,Belgian Grand Prix,2025-07-27,spa,Circuit de Spa-Francorchamps,Belgium,Spa,hulkenberg,HUL,27,Nico,Hülkenberg,German,sauber,Sauber,Swiss,14,12,12,0,44,Finished,+1:13.628,5196229,2,39,1:45.068,
2025,13,Belgian Grand Prix,2025-07-27,spa,Circuit de Spa-Francorchamps,Belgium,Spa,tsunoda,TSU,22,Yuki,Tsunoda,Japanese,red_bull,Red Bull,Austrian,7,13,13,0,44,Finished,+1:15.395,5197996,19,42,1:47.241,
2025,13,Belgian Grand Prix,2025-07-27,spa,Circuit de Spa-Francorchamps,Belgium,Spa,stroll,STR,18,Lance,Stroll,Canadian,aston_martin,Aston Martin,British,16,14,14,0,44,Finished,+1:19.831,5202432,18,38,1:47.212,
2025,13,Belgian Grand Prix,2025-07-27,spa,Circuit de Spa-Francorchamps,Belgium,Spa,ocon,OCO,31,Esteban,Ocon,French,haas,Haas F1 Team,American,11,15,15,0,44,Finished,+1:26.063,5208664,14,44,1:46.744,
2025,13,Belgian Grand Prix,2025-07-27,spa,Circuit de Spa-Francorchamps,Belgium,Spa,antonelli,ANT,12,Andrea Kimi,Antonelli,Italian,mercedes,Mercedes,German,19,16,16,0,44,Finished,+1:26.721,5209322,1,32,1:44.861,
2025,13,Belgian Grand Prix,2025-07-27,spa,Circuit de Spa-Francorchamps,Belgium,Spa,alonso,ALO,14,Fernando,Alonso,Spanish,aston_martin,Aston Martin,British,20,17,17,0,44,Finished,+1:27.924,5210525,5,32,1:45.849,
2025,13,Belgian Grand Prix,2025-07-27,spa,Circuit de Spa-Francorchamps,Belgium,Spa,sainz,SAI,55,Carlos,Sainz,Spanish,williams,Williams,British,17,18,18,0,44,Finished,+1:32.024,5214625,6,30,1:46.073,
2025,13,Belgian Grand Prix,2025-07-27,spa,Circuit de Spa-Francorchamps,Belgium,Spa,colapinto,COL,43,Franco,Colapinto,Argentine,alpine,Alpine F1 Team,French,15,19,19,0,44,Finished,+1:35.250,5217851,8,30,1:46.104,
2025,13,Belgian Grand Prix,2025-07-27,spa,Circuit de Spa-Francorchamps,Belgium,Spa,hadjar,HAD,6,Isack,Hadjar,French,rb,RB F1 Team,Italian,8,20,20,0,43,Lapped,+12.942,5135543,20,43,1:47.667,
2025,14,Hungarian Grand Prix,2025-08-03,hungaroring,Hungaroring,Hungary,Budapest,norris,NOR,1,Lando,Norris,British,mclaren,McLaren,British,3,1,1,25,70,Finished,1:35:21.231,5721231,5,57,1:19.918,
2025,14,Hungarian Grand Prix,2025-08-03,hungaroring,Hungaroring,Hungary,Budapest,piastri,PIA,81,Oscar,Piastri,Australian,mclaren,McLaren,British,2,2,2,18,70,Finished,+0.698,5721929,2,56,1:19.412,
2025,14,Hungarian Grand Prix,2025-08-03,hungaroring,Hungaroring,Hungary,Budapest,russell,RUS,63,George,Russell,British,mercedes,Mercedes,German,4,3,3,15,70,Finished,+21.916,5743147,1,45,1:19.409,
2025,14,Hungarian Grand Prix,2025-08-03,hungaroring,Hungaroring,Hungary,Budapest,leclerc,LEC,16,Charles,Leclerc,Monegasque,ferrari,Ferrari,Italian,1,4,4,12,70,Finished,+42.560,5763791,9,47,1:20.440,
2025,14,Hungarian Grand Prix,2025-08-03,hungaroring,Hungaroring,Hungary,Budapest,alonso,ALO,14,Fernando,Alonso,Spanish,aston_martin,Aston Martin,British,5,5,5,10,70,Finished,+59.040,5780271,8,54,1:20.113,
2025,14,Hungarian Grand Prix,2025-08-03,hungaroring,Hungaroring,Hungary,Budapest,bortoleto,BOR,5,Gabriel,Bortoleto,Brazilian,sauber,Sauber,Swiss,7,6,6,8,70,Finished,+1:06.169,5787400,11,48,1:20.705,
2025,14,Hungarian Grand Prix,2025-08-03,hungaroring,Hungaroring,Hungary,Budapest,stroll,STR,18,Lance,Stroll,Canadian,aston_martin,Aston Martin,British,6,7,7,6,70,Finished,+1:08.174,5789405,12,55,1:20.708,
2025,14,Hungarian Grand Prix,2025-08-03,hungaroring,Hungaroring,Hungary,Budapest,lawson,LAW,30,Liam,Lawson,New Zealander,rb,RB F1 Team,Italian,9,8,8,4,70,Finished,+1:09.451,5790682,10,56,1:20.457,
2025,14,Hungarian Grand Prix,2025-08-03,hungaroring,Hungaroring,Hungary,Budapest,max_verstappen,VER,3,Max,Verstappen,Dutch,red_bull,Red Bull,Austrian,8,9,9,2,70,Finished,+1:12.645,5793876,3,50,1:19.576,
2025,14,Hungarian Grand Prix,2025-08-03,hungaroring,Hungaroring,Hungary,Budapest,antonelli,ANT,12,Andrea Kimi,Antonelli,Italian,mercedes,Mercedes,German,15,10,10,1,69,Lapped,+7.649,5728880,13,54,1:20.745,
2025,14,Hungarian Grand Prix,2025-08-03,hungaroring,Hungaroring,Hungary,Budapest,hadjar,HAD,6,Isack,Hadjar,French,rb,RB F1 Team,Italian,10,11,11,0,69,Lapped,+8.500,5729731,15,48,1:20.802,
2025,14,Hungarian Grand Prix,2025-08-03,hungaroring,Hungaroring,Hungary,Budapest,hamilton,HAM,44,Lewis,Hamilton,British,ferrari,Ferrari,Italian,12,12,12,0,69,Lapped,+9.861,5731092,7,55,1:20.022,
2025,14,Hungarian Grand Prix,2025-08-03,hungaroring,Hungaroring,Hungary,Budapest,hulkenberg,HUL,27,Nico,Hülkenberg,German,sauber,Sauber,Swiss,18,13,13,0,69,Lapped,+31.268,5752499,6,67,1:20.013,
2025,14,Hungarian Grand Prix,2025-08-03,hungaroring,Hungaroring,Hungary,Budapest,sainz,SAI,55,Carlos,Sainz,Spanish,williams,Williams,British,13,14,14,0,69,Lapped,+33.326,5754557,4,53,1:19.790,
2025,14,Hungarian Grand Prix,2025-08-03,hungaroring,Hungaroring,Hungary,Budapest,albon,ALB,23,Alexander,Albon,Thai,williams,Williams,British,19,15,15,0,69,Lapped,+38.111,5759342,14,49,1:20.779,
2025,14,Hungarian Grand Prix,2025-08-03,hungaroring,Hungaroring,Hungary,Budapest,ocon,OCO,31,Esteban,Ocon,French,haas,Haas F1 Team,American,17,16,16,0,69,Lapped,+45.258,5766489,19,17,1:21.916,
2025,14,Hungarian Grand Prix,2025-08-03,hungaroring,Hungaroring,Hungary,Budapest,tsunoda,TSU,22,Yuki,Tsunoda,Japanese,red_bull,Red Bull,Austrian,20,17,17,0,69,Lapped,+46.943,5768174,17,46,1:21.180,
2025,14,Hungarian Grand Prix,2025-08-03,hungaroring,Hungaroring,Hungary,Budapest,colapinto,COL,43,Franco,Colapinto,Argentine,alpine,Alpine F1 Team,French,14,18,18,0,69,Lapped,+47.370,5768601,16,37,1:20.827,
2025,14,Hungarian Grand Prix,2025-08-03,hungaroring,Hungaroring,Hungary,Budapest,gasly,GAS,10,Pierre,Gasly,French,alpine,Alpine F1 Team,French,16,19,19,0,69,Lapped,+56.344,5777575,18,46,1:21.433,
2025,14,Hungarian Grand Prix,2025-08-03,hungaroring,Hungaroring,Hungary,Budapest,bearman,BEA,87,Oliver,Bearman,British,haas,Haas F1 Team,American,11,20,R,0,48,Retired,,,20,37,1:21.989,
2025,15,Dutch Grand Prix,2025-08-31,zandvoort,Circuit Park Zandvoort,Netherlands,Zandvoort,piastri,PIA,81,Oscar,Piastri,Australian,mclaren,McLaren,British,1,1,1,25,72,Finished,1:38:29.849,5909849,1,60,1:12.271,
2025,15,Dutch Grand Prix,2025-08-31,zandvoort,Circuit Park Zandvoort,Netherlands,Zandvoort,max_verstappen,VER,3,Max,Verstappen,Dutch,red_bull,Red Bull,Austrian,3,2,2,18,72,Finished,+1.271,5911120,3,70,1:12.921,
2025,15,Dutch Grand Prix,2025-08-31,zandvoort,Circuit Park Zandvoort,Netherlands,Zandvoort,hadjar,HAD,6,Isack,Hadjar,French,rb,RB F1 Team,Italian,4,3,3,15,72,Finished,+3.233,5913082,5,70,1:13.327,
2025,15,Dutch Grand Prix,2025-08-31,zandvoort,Circuit Park Zandvoort,Netherlands,Zandvoort,russell,RUS,63,George,Russell,British,mercedes,Mercedes,German,5,4,4,12,72,Finished,+5.654,5915503,9,70,1:13.728,
2025,15,Dutch Grand Prix,2025-08-31,zandvoort,Circuit Park Zandvoort,Netherlands,Zandvoort,albon,ALB,23,Alexander,Albon,Thai,williams,Williams,British,15,5,5,10,72,Finished,+6.327,5916176,7,70,1:13.687,
2025,15,Dutch Grand Prix,2025-08-31,zandvoort,Circuit Park Zandvoort,Netherlands,Zandvoort,bearman,BEA,87,Oliver,Bearman,British,haas,Haas F1 Team,American,20,6,6,8,72,Finished,+9.044,5918893,13,70,1:13.950,
2025,15,Dutch Grand Prix,2025-08-31,zandvoort,Circuit Park Zandvoort,Netherlands,Zandvoort,stroll,STR,18,Lance,Stroll,Canadian,aston_martin,Aston Martin,British,19,7,7,6,72,Finished,+9.497,5919346,11,70,1:13.822,
2025,15,Dutch Grand Prix,2025-08-31,zandvoort,Circuit Park Zandvoort,Netherlands,Zandvoort,alonso,ALO,14,Fernando,Alonso,Spanish,aston_martin,Aston Martin,British,10,8,8,4,72,Finished,+11.709,5921558,8,42,1:13.719,
2025,15,Dutch Grand Prix,2025-08-31,zandvoort,Circuit Park Zandvoort,Netherlands,Zandvoort,tsunoda,TSU,22,Yuki,Tsunoda,Japanese,red_bull,Red Bull,Austrian,12,9,9,2,72,Finished,+13.597,5923446,16,71,1:14.354,
2025,15,Dutch Grand Prix,2025-08-31,zandvoort,Circuit Park Zandvoort,Netherlands,Zandvoort,ocon,OCO,31,Esteban,Ocon,French,haas,Haas F1 Team,American,18,10,10,1,72,Finished,+14.063,5923912,14,71,1:13.986,
2025,15,Dutch Grand Prix,2025-08-31,zandvoort,Circuit Park Zandvoort,Netherlands,Zandvoort,colapinto,COL,43,Franco,Colapinto,Argentine,alpine,Alpine F1 Team,French,16,11,11,0,72,Finished,+14.511,5924360,4,72,1:13.049,
2025,15,Dutch Grand Prix,2025-08-31,zandvoort,Circuit Park Zandvoort,Netherlands,Zandvoort,lawson,LAW,30,Liam,Lawson,New Zealander,rb,RB F1 Team,Italian,8,12,12,0,72,Finished,+17.063,5926912,12,60,1:13.879,
2025,15,Dutch Grand Prix,2025-08-31,zandvoort,Circuit Park Zandvoort,Netherlands,Zandvoort,sainz,SAI,55,Carlos,Sainz,Spanish,williams,Williams,British,9,13,13,0,72,Finished,+17.376,5927225,10,58,1:13.808,
2025,15,Dutch Grand Prix,2025-08-31,zandvoort,Circuit Park Zandvoort,Netherlands,Zandvoort,hulkenberg,HUL,27,Nico,Hülkenberg,German,sauber,Sauber,Swiss,17,14,14,0,72,Finished,+19.725,5929574,18,61,1:14.912,
2025,15,Dutch Grand Prix,2025-08-31,zandvoort,Circuit Park Zandvoort,Netherlands,Zandvoort,bortoleto,BOR,5,Gabriel,Bortoleto,Brazilian,sauber,Sauber,Swiss,13,15,15,0,72,Finished,+21.565,5931414,15,63,1:14.307,
2025,15,Dutch Grand Prix,2025-08-31,zandvoort,Circuit Park Zandvoort,Netherlands,Zandvoort,antonelli,ANT,12,Andrea Kimi,Antonelli,Italian,mercedes,Mercedes,German,11,16,16,0,72,Finished,+22.029,5931878,6,70,1:13.480,
2025,15,Dutch Grand Prix,2025-08-31,zandvoort,Circuit Park Zandvoort,Netherlands,Zandvoort,gasly,GAS,10,Pierre,Gasly,French,alpine,Alpine F1 Team,French,14,17,17,0,72,Finished,+23.629,5933478,19,59,1:15.248,
2025,15,Dutch Grand Prix,2025-08-31,zandvoort,Circuit Park Zandvoort,Netherlands,Zandvoort,norris,NOR,1,Lando,Norris,British,mclaren,McLaren,British,2,18,18,0,64,Retired,,5168487,2,59,1:12.379,
2025,15,Dutch Grand Prix,2025-08-31,zandvoort,Circuit Park Zandvoort,Netherlands,Zandvoort,leclerc,LEC,16,Charles,Leclerc,Monegasque,ferrari,Ferrari,Italian,6,19,R,0,52,Retired,,,17,33,1:14.557,
2025,15,Dutch Grand Prix,2025-08-31,zandvoort,Circuit Park Zandvoort,Netherlands,Zandvoort,hamilton,HAM,44,Lewis,Hamilton,British,ferrari,Ferrari,Italian,7,20,R,0,22,Retired,,,20,6,1:15.684,
2025,16,Italian Grand Prix,2025-09-07,monza,Autodromo Nazionale di Monza,Italy,Monza,max_verstappen,VER,3,Max,Verstappen,Dutch,red_bull,Red Bull,Austrian,1,1,1,25,53,Finished,1:13:24.325,4404325,2,52,1:21.003,
2025,16,Italian Grand Prix,2025-09-07,monza,Autodromo Nazionale di Monza,Italy,Monza,norris,NOR,1,Lando,Norris,British,mclaren,McLaren,British,2,2,2,18,53,Finished,+19.207,4423532,1,53,1:20.901,
2025,16,Italian Grand Prix,2025-09-07,monza,Autodromo Nazionale di Monza,Italy,Monza,piastri,PIA,81,Oscar,Piastri,Australian,mclaren,McLaren,British,3,3,3,15,53,Finished,+21.351,4425676,3,47,1:21.245,
2025,16,Italian Grand Prix,2025-09-07,monza,Autodromo Nazionale di Monza,Italy,Monza,leclerc,LEC,16,Charles,Leclerc,Monegasque,ferrari,Ferrari,Italian,4,4,4,12,53,Finished,+25.624,4429949,4,53,1:21.294,
2025,16,Italian Grand Prix,2025-09-07,monza,Autodromo Nazionale di Monza,Italy,Monza,russell,RUS,63,George,Russell,British,mercedes,Mercedes,German,5,5,5,10,53,Finished,+32.881,4437206,8,45,1:21.800,
2025,16,Italian Grand Prix,2025-09-07,monza,Autodromo Nazionale di Monza,Italy,Monza,hamilton,HAM,44,Lewis,Hamilton,British,ferrari,Ferrari,Italian,10,6,6,8,53,Finished,+37.449,4441774,6,50,1:21.546,
2025,16,Italian Grand Prix,2025-09-07,monza,Autodromo Nazionale di Monza,Italy,Monza,albon,ALB,23,Alexander,Albon,Thai,williams,Williams,British,14,7,7,6,53,Finished,+50.537,4454862,5,53,1:21.368,
2025,16,Italian Grand Prix,2025-09-07,monza,Autodromo Nazionale di Monza,Italy,Monza,bortoleto,BOR,5,Gabriel,Bortoleto,Brazilian,sauber,Sauber,Swiss,7,8,8,4,53,Finished,+58.484,4462809,12,51,1:22.139,
2025,16,Italian Grand Prix,2025-09-07,monza,Autodromo Nazionale di Monza,Italy,Monza,antonelli,ANT,12,Andrea Kimi,Antonelli,Italian,mercedes,Mercedes,German,6,9,9,2,53,Finished,+59.762,4464087,10,53,1:21.968,
2025,16,Italian Grand Prix,2025-09-07,monza,Autodromo Nazionale di Monza,Italy,Monza,hadjar,HAD,6,Isack,Hadjar,French,rb,RB F1 Team,Italian,19,10,10,1,53,Finished,+1:03.891,4468216,11,46,1:22.133,
2025,16,Italian Grand Prix,2025-09-07,monza,Autodromo Nazionale di Monza,Italy,Monza,sainz,SAI,55,Carlos,Sainz,Spanish,williams,Williams,British,13,11,11,0,53,Finished,+1:04.469,4468794,7,47,1:21.740,
2025,16,Italian Grand Prix,2025-09-07,monza,Autodromo Nazionale di Monza,Italy,Monza,bearman,BEA,87,Oliver,Bearman,British,haas,Haas F1 Team,American,11,12,12,0,53,Finished,+1:19.288,4483613,9,53,1:21.820,
2025,16,Italian Grand Prix,2025-09-07,monza,Autodromo Nazionale di Monza,Italy,Monza,tsunoda,TSU,22,Yuki,Tsunoda,Japanese,red_bull,Red Bull,Austrian,9,13,13,0,53,Finished,+1:20.701,4485026,16,52,1:22.712,
2025,16,Italian Grand Prix,2025-09-07,monza,Autodromo Nazionale di Monza,Italy,Monza,lawson,LAW,30,Liam,Lawson,New Zealander,rb,RB F1 Team,Italian,18,14,14,0,53,Finished,+1:22.351,4486676,17,49,1:22.777,
2025,16,Italian Grand Prix,2025-09-07,monza,Autodromo Nazionale di Monza,Italy,Monza,ocon,OCO,31,Esteban,Ocon,French,haas,Haas F1 Team,American,15,15,15,0,52,Lapped,+2.135,4406460,18,48,1:22.892,
2025,16,Italian Grand Prix,2025-09-07,monza,Autodromo Nazionale di Monza,Italy,Monza,gasly,GAS,10,Pierre,Gasly,French,alpine,Alpine F1 Team,French,20,16,16,0,52,Lapped,+5.837,4410162,14,52,1:22.185,
2025,16,Italian Grand Prix,2025-09-07,monza,Autodromo Nazionale di Monza,Italy,Monza,colapinto,COL,43,Franco,Colapinto,Argentine,alpine,Alpine F1 Team,French,17,17,17,0,52,Lapped,+7.448,4411773,15,48,1:22.239,
2025,16,Italian Grand Prix,2025-09-07,monza,Autodromo Nazionale di Monza,Italy,Monza,stroll,STR,18,Lance,Stroll,Canadian,aston_martin,Aston Martin,British,16,18,18,0,52,Lapped,+9.301,4413626,13,51,1:22.164,
2025,16,Italian Grand Prix,2025-09-07,monza,Autodromo Nazionale di Monza,Italy,Monza,alonso,ALO,14,Fernando,Alonso,Spanish,aston_martin,Aston Martin,British,8,19,R,0,24,Retired,,,19,23,1:23.757,
2025,16,Italian Grand Prix,2025-09-07,monza,Autodromo Nazionale di Monza,Italy,Monza,hulkenberg,HUL,27,Nico,Hülkenberg,German,sauber,Sauber,Swiss,12,20,W,0,0,Did not start,,,,,,
2025,17,Azerbaijan Grand Prix,2025-09-21,baku,Baku City Circuit,Azerbaijan,Baku,max_verstappen,VER,3,Max,Verstappen,Dutch,red_bull,Red Bull,Austrian,1,1,1,25,51,Finished,1:33:26.408,5606408,1,50,1:43.388,
2025,17,Azerbaijan Grand Prix,2025-09-21,baku,Baku City Circuit,Azerbaijan,Baku,russell,RUS,63,George,Russell,British,mercedes,Mercedes,German,5,2,2,18,51,Finished,+14.609,5621017,2,42,1:43.754,
2025,17,Azerbaijan Grand Prix,2025-09-21,baku,Baku City Circuit,Azerbaijan,Baku,sainz,SAI,55,Carlos,Sainz,Spanish,williams,Williams,British,2,3,3,15,51,Finished,+19.199,5625607,4,47,1:43.972,
2025,17,Azerbaijan Grand Prix,2025-09-21,baku,Baku City Circuit,Azerbaijan,Baku,antonelli,ANT,12,Andrea Kimi,Antonelli,Italian,mercedes,Mercedes,German,4,4,4,12,51,Finished,+21.760,5628168,6,47,1:44.091,
2025,17,Azerbaijan Grand Prix,2025-09-21,baku,Baku City Circuit,Azerbaijan,Baku,lawson,LAW,30,Liam,Lawson,New Zealander,rb,RB F1 Team,Italian,3,5,5,10,51,Finished,+33.290,5639698,13,49,1:44.531,
2025,17,Azerbaijan Grand Prix,2025-09-21,baku,Baku City Circuit,Azerbaijan,Baku,tsunoda,TSU,22,Yuki,Tsunoda,Japanese,red_bull,Red Bull,Austrian,6,6,6,8,51,Finished,+33.808,5640216,12,41,1:44.434,
2025,17,Azerbaijan Grand Prix,2025-09-21,baku,Baku City Circuit,Azerbaijan,Baku,norris,NOR,1,Lando,Norris,British,mclaren,McLaren,British,7,7,7,6,51,Finished,+34.227,5640635,8,42,1:44.155,
2025,17,Azerbaijan Grand Prix,2025-09-21,baku,Baku City Circuit,Azerbaijan,Baku,hamilton,HAM,44,Lewis,Hamilton,British,ferrari,Ferrari,Italian,12,8,8,4,51,Finished,+36.310,5642718,5,40,1:43.977,
2025,17,Azerbaijan Grand Prix,2025-09-21,baku,Baku City Circuit,Azerbaijan,Baku,leclerc,LEC,16,Charles,Leclerc,Monegasque,ferrari,Ferrari,Italian,10,9,9,2,51,Finished,+36.774,5643182,9,50,1:44.274,
2025,17,Azerbaijan Grand Prix,2025-09-21,baku,Baku City Circuit,Azerbaijan,Baku,hadjar,HAD,6,Isack,Hadjar,French,rb,RB F1 Team,Italian,8,10,10,1,51,Finished,+38.982,5645390,3,50,1:43.884,
2025,17,Azerbaijan Grand Prix,2025-09-21,baku,Baku City Circuit,Azerbaijan,Baku,bortoleto,BOR,5,Gabriel,Bortoleto,Brazilian,sauber,Sauber,Swiss,13,11,11,0,51,Finished,+1:07.606,5674014,14,45,1:44.930,
2025,17,Azerbaijan Grand Prix,2025-09-21,baku,Baku City Circuit,Azerbaijan,Baku,bearman,BEA,87,Oliver,Bearman,British,haas,Haas F1 Team,American,15,12,12,0,51,Finished,+1:08.262,5674670,10,31,1:44.288,
2025,17,Azerbaijan Grand Prix,2025-09-21,baku,Baku City Circuit,Azerbaijan,Baku,albon,ALB,23,Alexander,Albon,Thai,williams,Williams,British,19,13,13,0,51,Finished,+1:12.870,5679278,7,51,1:44.152,
2025,17,Azerbaijan Grand Prix,2025-09-21,baku,Baku City Circuit,Azerbaijan,Baku,ocon,OCO,31,Esteban,Ocon,French,haas,Haas F1 Team,American,20,14,14,0,51,Finished,+1:17.580,5683988,17,50,1:45.388,
2025,17,Azerbaijan Grand Prix,2025-09-21,baku,Baku City Circuit,Azerbaijan,Baku,alonso,ALO,14,Fernando,Alonso,Spanish,aston_martin,Aston Martin,British,11,15,15,0,51,Finished,+1:18.707,5685115,15,50,1:45.002,
2025,17,Azerbaijan Grand Prix,2025-09-21,baku,Baku City Circuit,Azerbaijan,Baku,hulkenberg,HUL,27,Nico,Hülkenberg,German,sauber,Sauber,Swiss,17,16,16,0,51,Finished,+1:20.237,5686645,11,47,1:44.370,
2025,17,Azerbaijan Grand Prix,2025-09-21,baku,Baku City Circuit,Azerbaijan,Baku,stroll,STR,18,Lance,Stroll,Canadian,aston_martin,Aston Martin,British,14,17,17,0,51,Finished,+1:36.392,5702800,16,50,1:45.083,
2025,17,Azerbaijan Grand Prix,2025-09-21,baku,Baku City Circuit,Azerbaijan,Baku,gasly,GAS,10,Pierre,Gasly,French,alpine,Alpine F1 Team,French,18,18,18,0,50,Lapped,+3.865,5610273,18,37,1:45.492,
2025,17,Azerbaijan Grand Prix,2025-09-21,baku,Baku City Circuit,Azerbaijan,Baku,colapinto,COL,43,Franco,Colapinto,Argentine,alpine,Alpine F1 Team,French,16,19,19,0,50,Lapped,+6.325,5612733,19,40,1:46.055,
2025,17,Azerbaijan Grand Prix,2025-09-21,baku,Baku City Circuit,Azerbaijan,Baku,piastri,PIA,81,Oscar,Piastri,Australian,mclaren,McLaren,British,9,20,R,0,0,Retired,,,,,,
2025,18,Singapore Grand Prix,2025-10-05,marina_bay,Marina Bay Street Circuit,Singapore,Marina Bay,russell,RUS,63,George,Russell,British,mercedes,Mercedes,German,1,1,1,25,62,Finished,1:40:22.367,6022367,11,27,1:35.676,
2025,18,Singapore Grand Prix,2025-10-05,marina_bay,Marina Bay Street Circuit,Singapore,Marina Bay,max_verstappen,VER,3,Max,Verstappen,Dutch,red_bull,Red Bull,Austrian,2,2,2,18,62,Finished,+5.430,6027797,10,30,1:35.649,
2025,18,Singapore Grand Prix,2025-10-05,marina_bay,Marina Bay Street Circuit,Singapore,Marina Bay,norris,NOR,1,Lando,Norris,British,mclaren,McLaren,British,5,3,3,15,62,Finished,+6.066,6028433,7,36,1:35.555,
2025,18,Singapore Grand Prix,2025-10-05,marina_bay,Marina Bay Street Circuit,Singapore,Marina Bay,piastri,PIA,81,Oscar,Piastri,Australian,mclaren,McLaren,British,3,4,4,12,62,Finished,+8.146,6030513,6,31,1:35.408,
2025,18,Singapore Grand Prix,2025-10-05,marina_bay,Marina Bay Street Circuit,Singapore,Marina Bay,antonelli,ANT,12,Andrea Kimi,Antonelli,Italian,mercedes,Mercedes,German,4,5,5,10,62,Finished,+33.681,6056048,4,27,1:35.303,
2025,18,Singapore Grand Prix,2025-10-05,marina_bay,Marina Bay Street Circuit,Singapore,Marina Bay,leclerc,LEC,16,Charles,Leclerc,Monegasque,ferrari,Ferrari,Italian,7,6,6,8,62,Finished,+45.996,6068363,14,41,1:35.983,
2025,18,Singapore Grand Prix,2025-10-05,marina_bay,Marina Bay Street Circuit,Singapore,Marina Bay,alonso,ALO,14,Fernando,Alonso,Spanish,aston_martin,Aston Martin,British,10,7,7,6,62,Finished,+1:20.667,6103034,13,52,1:35.862,
2025,18,Singapore Grand Prix,2025-10-05,marina_bay,Marina Bay Street Circuit,Singapore,Marina Bay,hamilton,HAM,44,Lewis,Hamilton,British,ferrari,Ferrari,Italian,6,8,8,4,62,Finished,+1:25.251,6107618,1,48,1:33.808,
2025,18,Singapore Grand Prix,2025-10-05,marina_bay,Marina Bay Street Circuit,Singapore,Marina Bay,bearman,BEA,87,Oliver,Bearman,British,haas,Haas F1 Team,American,9,9,9,2,62,Finished,+1:33.527,6115894,15,56,1:36.201,
2025,18,Singapore Grand Prix,2025-10-05,marina_bay,Marina Bay Street Circuit,Singapore,Marina Bay,sainz,SAI,55,Carlos,Sainz,Spanish,williams,Williams,British,18,10,10,1,61,Lapped,+10.754,6033121,3,61,1:34.963,
2025,18,Singapore Grand Prix,2025-10-05,marina_bay,Marina Bay Street Circuit,Singapore,Marina Bay,hadjar,HAD,6,Isack,Hadjar,French,rb,RB F1 Team,Italian,8,11,11,0,61,Lapped,+17.335,6039702,18,54,1:36.938,
2025,18,Singapore Grand Prix,2025-10-05,marina_bay,Marina Bay Street Circuit,Singapore,Marina Bay,tsunoda,TSU,22,Yuki,Tsunoda,Japanese,red_bull,Red Bull,Austrian,13,12,12,0,61,Lapped,+19.269,6041636,17,45,1:36.831,
2025,18,Singapore Grand Prix,2025-10-05,marina_bay,Marina Bay Street Circuit,Singapore,Marina Bay,stroll,STR,18,Lance,Stroll,Canadian,aston_martin,Aston Martin,British,15,13,13,0,61,Lapped,+24.490,6046857,12,60,1:35.851,
2025,18,Singapore Grand Prix,2025-10-05,marina_bay,Marina Bay Street Circuit,Singapore,Marina Bay,albon,ALB,23,Alexander,Albon,Thai,williams,Williams,British,20,14,14,0,61,Lapped,+25.320,6047687,9,60,1:35.648,
2025,18,Singapore Grand Prix,2025-10-05,marina_bay,Marina Bay Street Circuit,Singapore,Marina Bay,lawson,LAW,30,Liam,Lawson,New Zealander,rb,RB F1 Team,Italian,12,15,15,0,61,Lapped,+27.145,6049512,8,61,1:35.641,
2025,18,Singapore Grand Prix,2025-10-05,marina_bay,Marina Bay Street Circuit,Singapore,Marina Bay,colapinto,COL,43,Franco,Colapinto,Argentine,alpine,Alpine F1 Team,French,16,16,16,0,61,Lapped,+42.890,6065257,20,17,1:37.182,
2025,18,Singapore Grand Prix,2025-10-05,marina_bay,Marina Bay Street Circuit,Singapore,Marina Bay,bortoleto,BOR,5,Gabriel,Bortoleto,Brazilian,sauber,Sauber,Swiss,14,17,17,0,61,Lapped,+46.753,6069120,19,16,1:37.126,
2025,18,Singapore Grand Prix,2025-10-05,marina_bay,Marina Bay Street Circuit,Singapore,Marina Bay,ocon,OCO,31,Esteban,Ocon,French,haas,Haas F1 Team,American,17,18,18,0,61,Lapped,+47.133,6069500,16,32,1:36.646,
2025,18,Singapore Grand Prix,2025-10-05,marina_bay,Marina Bay Street Circuit,Singapore,Marina Bay,gasly,GAS,10,Pierre,Gasly,French,alpine,Alpine F1 Team,French,19,19,19,0,61,Lapped,+47.461,6069828,2,53,1:34.573,
2025,18,Singapore Grand Prix,2025-10-05,marina_bay,Marina Bay Street Circuit,Singapore,Marina Bay,hulkenberg,HUL,27,Nico,Hülkenberg,German,sauber,Sauber,Swiss,11,20,20,0,61,Lapped,+49.040,6071407,5,47,1:35.404,
2025,19,United States Grand Prix,2025-10-19,americas,Circuit of the Americas,USA,Austin,max_verstappen,VER,3,Max,Verstappen,Dutch,red_bull,Red Bull,Austrian,1,1,1,25,56,Finished,1:34:00.161,5640161,3,35,1:37.991,
2025,19,United States Grand Prix,2025-10-19,americas,Circuit of the Americas,USA,Austin,norris,NOR,1,Lando,Norris,British,mclaren,McLaren,British,2,2,2,18,56,Finished,+7.959,5648120,2,35,1:37.620,
2025,19,United States Grand Prix,2025-10-19,americas,Circuit of the Americas,USA,Austin,leclerc,LEC,16,Charles,Leclerc,Monegasque,ferrari,Ferrari,Italian,3,3,3,15,56,Finished,+15.373,5655534,5,47,1:38.231,
2025,19,United States Grand Prix,2025-10-19,americas,Circuit of the Americas,USA,Austin,hamilton,HAM,44,Lewis,Hamilton,British,ferrari,Ferrari,Italian,5,4,4,12,56,Finished,+28.536,5668697,8,55,1:38.361,
2025,19,United States Grand Prix,2025-10-19,americas,Circuit of the Americas,USA,Austin,piastri,PIA,81,Oscar,Piastri,Australian,mclaren,McLaren,British,6,5,5,10,56,Finished,+29.678,5669839,10,55,1:38.564,
2025,19,United States Grand Prix,2025-10-19,americas,Circuit of the Americas,USA,Austin,russell,RUS,63,George,Russell,British,mercedes,Mercedes,German,4,6,6,8,56,Finished,+33.456,5673617,4,35,1:38.224,
2025,19,United States Grand Prix,2025-10-19,americas,Circuit of the Americas,USA,Austin,tsunoda,TSU,22,Yuki,Tsunoda,Japanese,red_bull,Red Bull,Austrian,13,7,7,6,56,Finished,+52.714,5692875,13,54,1:38.803,
2025,19,United States Grand Prix,2025-10-19,americas,Circuit of the Americas,USA,Austin,hulkenberg,HUL,27,Nico,Hülkenberg,German,sauber,Sauber,Swiss,11,8,8,4,56,Finished,+57.249,5697410,9,54,1:38.372,
2025,19,United States Grand Prix,2025-10-19,americas,Circuit of the Americas,USA,Austin,bearman,BEA,87,Oliver,Bearman,British,haas,Haas F1 Team,American,8,9,9,2,56,Finished,+1:04.722,5704883,16,32,1:39.119,
2025,19,United States Grand Prix,2025-10-19,americas,Circuit of the Americas,USA,Austin,alonso,ALO,14,Fernando,Alonso,Spanish,aston_martin,Aston Martin,British,10,10,10,1,56,Finished,+1:10.001,5710162,12,54,1:38.789,
2025,19,United States Grand Prix,2025-10-19,americas,Circuit of the Americas,USA,Austin,lawson,LAW,30,Liam,Lawson,New Zealander,rb,RB F1 Team,Italian,12,11,11,0,56,Finished,+1:13.209,5713370,14,53,1:38.983,
2025,19,United States Grand Prix,2025-10-19,americas,Circuit of the Americas,USA,Austin,stroll,STR,18,Lance,Stroll,Canadian,aston_martin,Aston Martin,British,19,12,12,0,56,Finished,+1:14.778,5714939,15,54,1:39.071,
2025,19,United States Grand Prix,2025-10-19,americas,Circuit of the Americas,USA,Austin,antonelli,ANT,12,Andrea Kimi,Antonelli,Italian,mercedes,Mercedes,German,7,13,13,0,56,Finished,+1:15.746,5715907,1,33,1:37.577,
2025,19,United States Grand Prix,2025-10-19,americas,Circuit of the Americas,USA,Austin,albon,ALB,23,Alexander,Albon,Thai,williams,Williams,British,18,14,14,0,56,Finished,+1:20.000,5720161,7,38,1:38.328,
2025,19,United States Grand Prix,2025-10-19,americas,Circuit of the Americas,USA,Austin,ocon,OCO,31,Esteban,Ocon,French,haas,Haas F1 Team,American,17,15,15,0,56,Finished,+1:23.043,5723204,18,31,1:39.263,
2025,19,United States Grand Prix,2025-10-19,americas,Circuit of the Americas,USA,Austin,hadjar,HAD,6,Isack,Hadjar,French,rb,RB F1 Team,Italian,20,16,16,0,56,Finished,+1:32.807,5732968,11,54,1:38.724,
2025,19,United States Grand Prix,2025-10-19,americas,Circuit of the Americas,USA,Austin,colapinto,COL,43,Franco,Colapinto,Argentine,alpine,Alpine F1 Team,French,15,17,17,0,55,Lapped,+2.307,5642468,17,54,1:39.173,
2025,19,United States Grand Prix,2025-10-19,americas,Circuit of the Americas,USA,Austin,bortoleto,BOR,5,Gabriel,Bortoleto,Brazilian,sauber,Sauber,Swiss,16,18,18,0,55,Lapped,+3.557,5643718,6,39,1:38.275,
2025,19,United States Grand Prix,2025-10-19,americas,Circuit of the Americas,USA,Austin,gasly,GAS,10,Pierre,Gasly,French,alpine,Alpine F1 Team,French,14,19,19,0,55,Lapped,+6.155,5646316,19,30,1:39.270,
2025,19,United States Grand Prix,2025-10-19,americas,Circuit of the Americas,USA,Austin,sainz,SAI,55,Carlos,Sainz,Spanish,williams,Williams,British,9,20,R,0,5,Retired,,,20,3,1:40.327,
2025,20,Mexico City Grand Prix,2025-10-26,rodriguez,Autódromo Hermanos Rodríguez,Mexico,Mexico City,norris,NOR,1,Lando,Norris,British,mclaren,McLaren,British,1,1,1,25,71,Finished,1:37:58.574,5878574,8,45,1:20.764,
2025,20,Mexico City Grand Prix,2025-10-26,rodriguez,Autódromo Hermanos Rodríguez,Mexico,Mexico City,leclerc,LEC,16,Charles,Leclerc,Monegasque,ferrari,Ferrari,Italian,2,2,2,18,71,Finished,+30.324,5908898,14,45,1:21.588,
2025,20,Mexico City Grand Prix,2025-10-26,rodriguez,Autódromo Hermanos Rodríguez,Mexico,Mexico City,max_verstappen,VER,3,Max,Verstappen,Dutch,red_bull,Red Bull,Austrian,5,3,3,15,71,Finished,+31.049,5909623,10,50,1:21.108,
2025,20,Mexico City Grand Prix,2025-10-26,rodriguez,Autódromo Hermanos Rodríguez,Mexico,Mexico City,bearman,BEA,87,Oliver,Bearman,British,haas,Haas F1 Team,American,9,4,4,12,71,Finished,+40.955,5919529,7,51,1:20.705,
2025,20,Mexico City Grand Prix,2025-10-26,rodriguez,Autódromo Hermanos Rodríguez,Mexico,Mexico City,piastri,PIA,81,Oscar,Piastri,Australian,mclaren,McLaren,British,7,5,5,10,71,Finished,+42.065,5920639,3,53,1:20.422,
2025,20,Mexico City Grand Prix,2025-10-26,rodriguez,Autódromo Hermanos Rodríguez,Mexico,Mexico City,antonelli,ANT,12,Andrea Kimi,Antonelli,Italian,mercedes,Mercedes,German,6,6,6,8,71,Finished,+47.837,5926411,9,58,1:20.826,
2025,20,Mexico City Grand Prix,2025-10-26,rodriguez,Autódromo Hermanos Rodríguez,Mexico,Mexico City,russell,RUS,63,George,Russell,British,mercedes,Mercedes,German,4,7,7,6,71,Finished,+50.287,5928861,1,50,1:20.052,
2025,20,Mexico City Grand Prix,2025-10-26,rodriguez,Autódromo Hermanos Rodríguez,Mexico,Mexico City,hamilton,HAM,44,Lewis,Hamilton,British,ferrari,Ferrari,Italian,3,8,8,4,71,Finished,+56.446,5935020,6,50,1:20.601,
2025,20,Mexico City Grand Prix,2025-10-26,rodriguez,Autódromo Hermanos Rodríguez,Mexico,Mexico City,ocon,OCO,31,Esteban,Ocon,French,haas,Haas F1 Team,American,11,9,9,2,71,Finished,+1:15.464,5954038,17,65,1:21.869,
2025,20,Mexico City Grand Prix,2025-10-26,rodriguez,Autódromo Hermanos Rodríguez,Mexico,Mexico City,bortoleto,BOR,5,Gabriel,Bortoleto,Brazilian,sauber,Sauber,Swiss,16,10,10,1,71,Finished,+1:16.863,5955437,11,39,1:21.121,
2025,20,Mexico City Grand Prix,2025-10-26,rodriguez,Autódromo Hermanos Rodríguez,Mexico,Mexico City,tsunoda,TSU,22,Yuki,Tsunoda,Japanese,red_bull,Red Bull,Austrian,10,11,11,0,71,Finished,+1:19.048,5957622,13,44,1:21.486,
2025,20,Mexico City Grand Prix,2025-10-26,rodriguez,Autódromo Hermanos Rodríguez,Mexico,Mexico City,albon,ALB,23,Alexander,Albon,Thai,williams,Williams,British,17,12,12,0,70,Lapped,+2.450,5881024,4,45,1:20.480,
2025,20,Mexico City Grand Prix,2025-10-26,rodriguez,Autódromo Hermanos Rodríguez,Mexico,Mexico City,hadjar,HAD,6,Isack,Hadjar,French,rb,RB F1 Team,Italian,8,13,13,0,70,Lapped,+6.656,5885230,16,44,1:21.714,
2025,20,Mexico City Grand Prix,2025-10-26,rodriguez,Autódromo Hermanos Rodríguez,Mexico,Mexico City,stroll,STR,18,Lance,Stroll,Canadian,aston_martin,Aston Martin,British,19,14,14,0,70,Lapped,+7.035,5885609,5,45,1:20.593,
2025,20,Mexico City Grand Prix,2025-10-26,rodriguez,Autódromo Hermanos Rodríguez,Mexico,Mexico City,gasly,GAS,10,Pierre,Gasly,French,alpine,Alpine F1 Team,French,18,15,15,0,70,Lapped,+44.080,5922654,18,43,1:22.271,
2025,20,Mexico City Grand Prix,2025-10-26,rodriguez,Autódromo Hermanos Rodríguez,Mexico,Mexico City,colapinto,COL,43,Franco,Colapinto,Argentine,alpine,Alpine F1 Team,French,20,16,16,0,70,Lapped,+44.376,5922950,12,50,1:21.342,
2025,20,Mexico City Grand Prix,2025-10-26,rodriguez,Autódromo Hermanos Rodríguez,Mexico,Mexico City,sainz,SAI,55,Carlos,Sainz,Spanish,williams,Williams,British,12,17,17,0,67,Retired,,5614132,2,48,1:20.098,
2025,20,Mexico City Grand Prix,2025-10-26,rodriguez,Autódromo Hermanos Rodríguez,Mexico,Mexico City,alonso,ALO,14,Fernando,Alonso,Spanish,aston_martin,Aston Martin,British,14,18,R,0,34,Retired,,,15,22,1:21.708,
2025,20,Mexico City Grand Prix,2025-10-26,rodriguez,Autódromo Hermanos Rodríguez,Mexico,Mexico City,hulkenberg,HUL,27,Nico,Hülkenberg,German,sauber,Sauber,Swiss,13,19,R,0,25,Retired,,,19,14,1:23.091,
2025,20,Mexico City Grand Prix,2025-10-26,rodriguez,Autódromo Hermanos Rodríguez,Mexico,Mexico City,lawson,LAW,30,Liam,Lawson,New Zealander,rb,RB F1 Team,Italian,15,20,R,0,5,Retired,,,20,4,1:25.124,
2025,21,São Paulo Grand Prix,2025-11-09,interlagos,Autódromo José Carlos Pace,Brazil,São Paulo,norris,NOR,1,Lando,Norris,British,mclaren,McLaren,British,1,1,1,25,71,Finished,1:32:01.596,5521596,6,66,1:13.040,
2025,21,São Paulo Grand Prix,2025-11-09,interlagos,Autódromo José Carlos Pace,Brazil,São Paulo,antonelli,ANT,12,Andrea Kimi,Antonelli,Italian,mercedes,Mercedes,German,2,2,2,18,71,Finished,+10.388,5531984,9,52,1:13.123,
2025,21,São Paulo Grand Prix,2025-11-09,interlagos,Autódromo José Carlos Pace,Brazil,São Paulo,max_verstappen,VER,3,Max,Verstappen,Dutch,red_bull,Red Bull,Austrian,19,3,3,15,71,Finished,+10.750,5532346,2,56,1:12.447,
2025,21,São Paulo Grand Prix,2025-11-09,interlagos,Autódromo José Carlos Pace,Brazil,São Paulo,russell,RUS,63,George,Russell,British,mercedes,Mercedes,German,6,4,4,12,71,Finished,+15.267,5536863,8,52,1:13.097,
2025,21,São Paulo Grand Prix,2025-11-09,interlagos,Autódromo José Carlos Pace,Brazil,São Paulo,piastri,PIA,81,Oscar,Piastri,Australian,mclaren,McLaren,British,4,5,5,10,71,Finished,+15.749,5537345,3,54,1:12.742,
2025,21,São Paulo Grand Prix,2025-11-09,interlagos,Autódromo José Carlos Pace,Brazil,São Paulo,bearman,BEA,87,Oliver,Bearman,British,haas,Haas F1 Team,American,8,6,6,8,71,Finished,+29.630,5551226,13,48,1:13.483,
2025,21,São Paulo Grand Prix,2025-11-09,interlagos,Autódromo José Carlos Pace,Brazil,São Paulo,lawson,LAW,30,Liam,Lawson,New Zealander,rb,RB F1 Team,Italian,7,7,7,6,71,Finished,+52.642,5574238,18,21,1:14.029,
2025,21,São Paulo Grand Prix,2025-11-09,interlagos,Autódromo José Carlos Pace,Brazil,São Paulo,hadjar,HAD,6,Isack,Hadjar,French,rb,RB F1 Team,Italian,5,8,8,4,71,Finished,+52.873,5574469,15,40,1:13.694,
2025,21,São Paulo Grand Prix,2025-11-09,interlagos,Autódromo José Carlos Pace,Brazil,São Paulo,hulkenberg,HUL,27,Nico,Hülkenberg,German,sauber,Sauber,Swiss,10,9,9,2,71,Finished,+53.324,5574920,11,39,1:13.474,
2025,21,São Paulo Grand Prix,2025-11-09,interlagos,Autódromo José Carlos Pace,Brazil,São Paulo,gasly,GAS,10,Pierre,Gasly,French,alpine,Alpine F1 Team,French,9,10,10,1,71,Finished,+53.914,5575510,16,42,1:13.736,
2025,21,São Paulo Grand Prix,2025-11-09,interlagos,Autódromo José Carlos Pace,Brazil,São Paulo,albon,ALB,23,Alexander,Albon,Thai,williams,Williams,British,12,11,11,0,71,Finished,+54.184,5575780,1,59,1:12.400,
2025,21,São Paulo Grand Prix,2025-11-09,interlagos,Autódromo José Carlos Pace,Brazil,São Paulo,ocon,OCO,31,Esteban,Ocon,French,haas,Haas F1 Team,American,20,12,12,0,71,Finished,+54.696,5576292,12,10,1:13.481,
2025,21,São Paulo Grand Prix,2025-11-09,interlagos,Autódromo José Carlos Pace,Brazil,São Paulo,sainz,SAI,55,Carlos,Sainz,Spanish,williams,Williams,British,15,13,13,0,71,Finished,+55.420,5577016,14,19,1:13.683,
2025,21,São Paulo Grand Prix,2025-11-09,interlagos,Autódromo José Carlos Pace,Brazil,São Paulo,alonso,ALO,14,Fernando,Alonso,Spanish,aston_martin,Aston Martin,British,11,14,14,0,71,Finished,+55.766,5577362,10,48,1:13.312,
2025,21,São Paulo Grand Prix,2025-11-09,interlagos,Autódromo José Carlos Pace,Brazil,São Paulo,colapinto,COL,43,Franco,Colapinto,Argentine,alpine,Alpine F1 Team,French,16,15,15,0,71,Finished,+57.777,5579373,5,45,1:12.816,
2025,21,São Paulo Grand Prix,2025-11-09,interlagos,Autódromo José Carlos Pace,Brazil,São Paulo,stroll,STR,18,Lance,Stroll,Canadian,aston_martin,Aston Martin,British,14,16,16,0,71,Finished,+58.247,5579843,7,56,1:13.094,
2025,21,São Paulo Grand Prix,2025-11-09,interlagos,Autódromo José Carlos Pace,Brazil,São Paulo,tsunoda,TSU,22,Yuki,Tsunoda,Japanese,red_bull,Red Bull,Austrian,17,17,17,0,71,Finished,+1:09.176,5590772,4,49,1:12.774,
2025,21,São Paulo Grand Prix,2025-11-09,interlagos,Autódromo José Carlos Pace,Brazil,São Paulo,hamilton,HAM,44,Lewis,Hamilton,British,ferrari,Ferrari,Italian,13,18,R,0,37,Retired,,,17,35,1:13.844,
2025,21,São Paulo Grand Prix,2025-11-09,interlagos,Autódromo José Carlos Pace,Brazil,São Paulo,leclerc,LEC,16,Charles,Leclerc,Monegasque,ferrari,Ferrari,Italian,3,19,R,0,5,Retired,,,19,2,1:43.560,
2025,21,São Paulo Grand Prix,2025-11-09,interlagos,Autódromo José Carlos Pace,Brazil,São Paulo,bortoleto,BOR,5,Gabriel,Bortoleto,Brazilian,sauber,Sauber,Swiss,18,20,R,0,0,Retired,,,,,,
2025,22,Las Vegas Grand Prix,2025-11-23,vegas,Las Vegas Strip Street Circuit,USA,Las Vegas,max_verstappen,VER,3,Max,Verstappen,Dutch,red_bull,Red Bull,Austrian,2,1,1,25,50,Finished,1:21:08.429,4868429,1,50,1:33.365,
2025,22,Las Vegas Grand Prix,2025-11-23,vegas,Las Vegas Strip Street Circuit,USA,Las Vegas,russell,RUS,63,George,Russell,British,mercedes,Mercedes,German,4,2,2,18,50,Finished,+23.546,4891975,9,50,1:34.592,
2025,22,Las Vegas Grand Prix,2025-11-23,vegas,Las Vegas Strip Street Circuit,USA,Las Vegas,antonelli,ANT,12,Andrea Kimi,Antonelli,Italian,mercedes,Mercedes,German,17,3,3,15,50,Finished,+30.488,4898917,2,48,1:33.998,
2025,22,Las Vegas Grand Prix,2025-11-23,vegas,Las Vegas Strip Street Circuit,USA,Las Vegas,leclerc,LEC,16,Charles,Leclerc,Monegasque,ferrari,Ferrari,Italian,9,4,4,12,50,Finished,+30.678,4899107,3,43,1:34.304,
2025,22,Las Vegas Grand Prix,2025-11-23,vegas,Las Vegas Strip Street Circuit,USA,Las Vegas,sainz,SAI,55,Carlos,Sainz,Spanish,williams,Williams,British,3,5,5,10,50,Finished,+34.924,4903353,4,42,1:34.496,
2025,22,Las Vegas Grand Prix,2025-11-23,vegas,Las Vegas Strip Street Circuit,USA,Las Vegas,hadjar,HAD,6,Isack,Hadjar,French,rb,RB F1 Team,Italian,8,6,6,8,50,Finished,+45.257,4913686,10,50,1:34.620,
2025,22,Las Vegas Grand Prix,2025-11-23,vegas,Las Vegas Strip Street Circuit,USA,Las Vegas,hulkenberg,HUL,27,Nico,Hülkenberg,German,sauber,Sauber,Swiss,11,7,7,6,50,Finished,+51.134,4919563,8,49,1:34.592,
2025,22,Las Vegas Grand Prix,2025-11-23,vegas,Las Vegas Strip Street Circuit,USA,Las Vegas,hamilton,HAM,44,Lewis,Hamilton,British,ferrari,Ferrari,Italian,19,8,8,4,50,Finished,+59.369,4927798,6,49,1:34.553,
2025,22,Las Vegas Grand Prix,2025-11-23,vegas,Las Vegas Strip Street Circuit,USA,Las Vegas,ocon,OCO,31,Esteban,Ocon,French,haas,Haas F1 Team,American,13,9,9,2,50,Finished,+1:00.635,4929064,7,48,1:34.557,
2025,22,Las Vegas Grand Prix,2025-11-23,vegas,Las Vegas Strip Street Circuit,USA,Las Vegas,bearman,BEA,87,Oliver,Bearman,British,haas,Haas F1 Team,American,14,10,10,1,50,Finished,+1:10.549,4938978,5,50,1:34.519,
2025,22,Las Vegas Grand Prix,2025-11-23,vegas,Las Vegas Strip Street Circuit,USA,Las Vegas,alonso,ALO,14,Fernando,Alonso,Spanish,aston_martin,Aston Martin,British,7,11,11,0,50,Finished,+1:25.308,4953737,14,41,1:35.629,
2025,22,Las Vegas Grand Prix,2025-11-23,vegas,Las Vegas Strip Street Circuit,USA,Las Vegas,tsunoda,TSU,22,Yuki,Tsunoda,Japanese,red_bull,Red Bull,Austrian,20,12,12,0,50,Finished,+1:26.974,4955403,12,49,1:34.967,
2025,22,Las Vegas Grand Prix,2025-11-23,vegas,Las Vegas Strip Street Circuit,USA,Las Vegas,gasly,GAS,10,Pierre,Gasly,French,alpine,Alpine F1 Team,French,10,13,13,0,50,Finished,+1:31.702,4960131,15,44,1:35.674,
2025,22,Las Vegas Grand Prix,2025-11-23,vegas,Las Vegas Strip Street Circuit,USA,Las Vegas,lawson,LAW,30,Liam,Lawson,New Zealander,rb,RB F1 Team,Italian,6,14,14,0,49,Lapped,+3.291,4871720,11,47,1:34.837,
2025,22,Las Vegas Grand Prix,2025-11-23,vegas,Las Vegas Strip Street Circuit,USA,Las Vegas,colapinto,COL,43,Franco,Colapinto,Argentine,alpine,Alpine F1 Team,French,15,15,15,0,49,Lapped,+10.459,4878888,16,38,1:35.780,
2025,22,Las Vegas Grand Prix,2025-11-23,vegas,Las Vegas Strip Street Circuit,USA,Las Vegas,albon,ALB,23,Alexander,Albon,Thai,williams,Williams,British,16,16,R,0,35,Retired,,,13,26,1:35.184,
2025,22,Las Vegas Grand Prix,2025-11-23,vegas,Las Vegas Strip Street Circuit,USA,Las Vegas,bortoleto,BOR,5,Gabriel,Bortoleto,Brazilian,sauber,Sauber,Swiss,18,17,R,0,2,Retired,,,,,,
2025,22,Las Vegas Grand Prix,2025-11-23,vegas,Las Vegas Strip Street Circuit,USA,Las Vegas,stroll,STR,18,Lance,Stroll,Canadian,aston_martin,Aston Martin,British,12,18,R,0,0,Retired,,,,,,
2025,22,Las Vegas Grand Prix,2025-11-23,vegas,Las Vegas Strip Street Circuit,USA,Las Vegas,norris,NOR,1,Lando,Norris,British,mclaren,McLaren,British,1,19,D,0,50,Disqualified,,,,,,
2025,22,Las Vegas Grand Prix,2025-11-23,vegas,Las Vegas Strip Street Circuit,USA,Las Vegas,piastri,PIA,81,Oscar,Piastri,Australian,mclaren,McLaren,British,5,20,D,0,50,Disqualified,,,,,,
2025,23,Qatar Grand Prix,2025-11-30,losail,Losail International Circuit,Qatar,Lusail,max_verstappen,VER,3,Max,Verstappen,Dutch,red_bull,Red Bull,Austrian,3,1,1,25,57,Finished,1:24:38.241,5078241,5,50,1:23.498,
2025,23,Qatar Grand Prix,2025-11-30,losail,Losail International Circuit,Qatar,Lusail,piastri,PIA,81,Oscar,Piastri,Australian,mclaren,McLaren,British,1,2,2,18,57,Finished,+7.995,5086236,1,44,1:22.996,
2025,23,Qatar Grand Prix,2025-11-30,losail,Losail International Circuit,Qatar,Lusail,sainz,SAI,55,Carlos,Sainz,Spanish,williams,Williams,British,7,3,3,15,57,Finished,+22.665,5100906,6,48,1:23.859,
2025,23,Qatar Grand Prix,2025-11-30,losail,Losail International Circuit,Qatar,Lusail,norris,NOR,1,Lando,Norris,British,mclaren,McLaren,British,2,4,4,12,57,Finished,+23.315,5101556,2,47,1:23.197,
2025,23,Qatar Grand Prix,2025-11-30,losail,Losail International Circuit,Qatar,Lusail,antonelli,ANT,12,Andrea Kimi,Antonelli,Italian,mercedes,Mercedes,German,5,5,5,10,57,Finished,+28.317,5106558,8,55,1:23.955,
2025,23,Qatar Grand Prix,2025-11-30,losail,Losail International Circuit,Qatar,Lusail,russell,RUS,63,George,Russell,British,mercedes,Mercedes,German,4,6,6,8,57,Finished,+48.599,5126840,3,56,1:23.198,
2025,23,Qatar Grand Prix,2025-11-30,losail,Losail International Circuit,Qatar,Lusail,alonso,ALO,14,Fernando,Alonso,Spanish,aston_martin,Aston Martin,British,8,7,7,6,57,Finished,+54.045,5132286,7,57,1:23.940,
2025,23,Qatar Grand Prix,2025-11-30,losail,Losail International Circuit,Qatar,Lusail,leclerc,LEC,16,Charles,Leclerc,Monegasque,ferrari,Ferrari,Italian,10,8,8,4,57,Finished,+56.785,5135026,13,56,1:24.432,
2025,23,Qatar Grand Prix,2025-11-30,losail,Losail International Circuit,Qatar,Lusail,lawson,LAW,30,Liam,Lawson,New Zealander,rb,RB F1 Team,Italian,12,9,9,2,57,Finished,+1:00.073,5138314,9,54,1:23.971,
2025,23,Qatar Grand Prix,2025-11-30,losail,Losail International Circuit,Qatar,Lusail,tsunoda,TSU,22,Yuki,Tsunoda,Japanese,red_bull,Red Bull,Austrian,15,10,10,1,57,Finished,+1:01.770,5140011,10,57,1:24.139,
2025,23,Qatar Grand Prix,2025-11-30,losail,Losail International Circuit,Qatar,Lusail,albon,ALB,23,Alexander,Albon,Thai,williams,Williams,British,14,11,11,0,57,Finished,+1:06.931,5145172,11,57,1:24.261,
2025,23,Qatar Grand Prix,2025-11-30,losail,Losail International Circuit,Qatar,Lusail,hamilton,HAM,44,Lewis,Hamilton,British,ferrari,Ferrari,Italian,17,12,12,0,57,Finished,+1:17.730,5155971,14,52,1:24.848,
2025,23,Qatar Grand Prix,2025-11-30,losail,Losail International Circuit,Qatar,Lusail,bortoleto,BOR,5,Gabriel,Bortoleto,Brazilian,sauber,Sauber,Swiss,19,13,13,0,57,Finished,+1:24.812,5163053,17,54,1:25.233,
2025,23,Qatar Grand Prix,2025-11-30,losail,Losail International Circuit,Qatar,Lusail,colapinto,COL,43,Franco,Colapinto,Argentine,alpine,Alpine F1 Team,French,20,14,14,0,56,Lapped,+3.283,5081524,19,52,1:25.644,
2025,23,Qatar Grand Prix,2025-11-30,losail,Losail International Circuit,Qatar,Lusail,ocon,OCO,31,Esteban,Ocon,French,haas,Haas F1 Team,American,16,15,15,0,56,Lapped,+4.253,5082494,16,36,1:25.056,
2025,23,Qatar Grand Prix,2025-11-30,losail,Losail International Circuit,Qatar,Lusail,gasly,GAS,10,Pierre,Gasly,French,alpine,Alpine F1 Team,French,9,16,16,0,56,Lapped,+4.941,5083182,18,54,1:25.376,
2025,23,Qatar Grand Prix,2025-11-30,losail,Losail International Circuit,Qatar,Lusail,stroll,STR,18,Lance,Stroll,Canadian,aston_martin,Aston Martin,British,18,17,17,0,55,Retired,,5015203,4,51,1:23.484,
2025,23,Qatar Grand Prix,2025-11-30,losail,Losail International Circuit,Qatar,Lusail,hadjar,HAD,6,Isack,Hadjar,French,rb,RB F1 Team,Italian,6,18,18,0,55,Retired,,5032324,12,52,1:24.317,
2025,23,Qatar Grand Prix,2025-11-30,losail,Losail International Circuit,Qatar,Lusail,bearman,BEA,87,Oliver,Bearman,British,haas,Haas F1 Team,American,13,19,R,0,41,Retired,,,15,34,1:24.930,
2025,23,Qatar Grand Prix,2025-11-30,losail,Losail International Circuit,Qatar,Lusail,hulkenberg,HUL,27,Nico,Hülkenberg,German,sauber,Sauber,Swiss,11,20,R,0,6,Retired,,,20,5,1:28.139,
2025,24,Abu Dhabi Grand Prix,2025-12-07,yas_marina,Yas Marina Circuit,UAE,Abu Dhabi,max_verstappen,VER,3,Max,Verstappen,Dutch,red_bull,Red Bull,Austrian,1,1,1,25,58,Finished,1:26:07.469,5167469,5,39,1:27.625,
2025,24,Abu Dhabi Grand Prix,2025-12-07,yas_marina,Yas Marina Circuit,UAE,Abu Dhabi,piastri,PIA,81,Oscar,Piastri,Australian,mclaren,McLaren,British,3,2,2,18,58,Finished,+12.594,5180063,2,44,1:26.765,
2025,24,Abu Dhabi Grand Prix,2025-12-07,yas_marina,Yas Marina Circuit,UAE,Abu Dhabi,norris,NOR,1,Lando,Norris,British,mclaren,McLaren,British,2,3,3,15,58,Finished,+16.572,5184041,3,48,1:26.818,
2025,24,Abu Dhabi Grand Prix,2025-12-07,yas_marina,Yas Marina Circuit,UAE,Abu Dhabi,leclerc,LEC,16,Charles,Leclerc,Monegasque,ferrari,Ferrari,Italian,5,4,4,12,58,Finished,+23.279,5190748,1,45,1:26.725,
2025,24,Abu Dhabi Grand Prix,2025-12-07,yas_marina,Yas Marina Circuit,UAE,Abu Dhabi,russell,RUS,63,George,Russell,British,mercedes,Mercedes,German,4,5,5,10,58,Finished,+48.563,5216032,14,57,1:28.599,
2025,24,Abu Dhabi Grand Prix,2025-12-07,yas_marina,Yas Marina Circuit,UAE,Abu Dhabi,alonso,ALO,14,Fernando,Alonso,Spanish,aston_martin,Aston Martin,British,6,6,6,8,58,Finished,+1:07.562,5235031,11,54,1:28.279,
2025,24,Abu Dhabi Grand Prix,2025-12-07,yas_marina,Yas Marina Circuit,UAE,Abu Dhabi,ocon,OCO,31,Esteban,Ocon,French,haas,Haas F1 Team,American,8,7,7,6,58,Finished,+1:09.876,5237345,15,56,1:28.655,
2025,24,Abu Dhabi Grand Prix,2025-12-07,yas_marina,Yas Marina Circuit,UAE,Abu Dhabi,hamilton,HAM,44,Lewis,Hamilton,British,ferrari,Ferrari,Italian,16,8,8,4,58,Finished,+1:12.670,5240139,10,36,1:28.094,
2025,24,Abu Dhabi Grand Prix,2025-12-07,yas_marina,Yas Marina Circuit,UAE,Abu Dhabi,hulkenberg,HUL,27,Nico,Hülkenberg,German,sauber,Sauber,Swiss,18,9,9,2,58,Finished,+1:19.014,5246483,4,46,1:27.050,
2025,24,Abu Dhabi Grand Prix,2025-12-07,yas_marina,Yas Marina Circuit,UAE,Abu Dhabi,stroll,STR,18,Lance,Stroll,Canadian,aston_martin,Aston Martin,British,15,10,10,1,58,Finished,+1:19.523,5246992,6,52,1:27.626,
2025,24,Abu Dhabi Grand Prix,2025-12-07,yas_marina,Yas Marina Circuit,UAE,Abu Dhabi,bortoleto,BOR,5,Gabriel,Bortoleto,Brazilian,sauber,Sauber,Swiss,7,11,11,0,58,Finished,+1:21.043,5248512,19,47,1:29.114,
2025,24,Abu Dhabi Grand Prix,2025-12-07,yas_marina,Yas Marina Circuit,UAE,Abu Dhabi,bearman,BEA,87,Oliver,Bearman,British,haas,Haas F1 Team,American,11,12,12,0,58,Finished,+1:21.166,5248635,17,50,1:28.976,
2025,24,Abu Dhabi Grand Prix,2025-12-07,yas_marina,Yas Marina Circuit,UAE,Abu Dhabi,sainz,SAI,55,Carlos,Sainz,Spanish,williams,Williams,British,12,13,13,0,58,Finished,+1:22.158,5249627,18,51,1:29.052,
2025,24,Abu Dhabi Grand Prix,2025-12-07,yas_marina,Yas Marina Circuit,UAE,Abu Dhabi,tsunoda,TSU,22,Yuki,Tsunoda,Japanese,red_bull,Red Bull,Austrian,10,14,14,0,58,Finished,+1:23.794,5251263,13,44,1:28.557,
2025,24,Abu Dhabi Grand Prix,2025-12-07,yas_marina,Yas Marina Circuit,UAE,Abu Dhabi,antonelli,ANT,12,Andrea Kimi,Antonelli,Italian,mercedes,Mercedes,German,14,15,15,0,58,Finished,+1:24.399,5251868,9,34,1:28.029,
2025,24,Abu Dhabi Grand Prix,2025-12-07,yas_marina,Yas Marina Circuit,UAE,Abu Dhabi,albon,ALB,23,Alexander,Albon,Thai,williams,Williams,British,17,16,16,0,58,Finished,+1:30.327,5257796,12,45,1:28.367,
2025,24,Abu Dhabi Grand Prix,2025-12-07,yas_marina,Yas Marina Circuit,UAE,Abu Dhabi,hadjar,HAD,6,Isack,Hadjar,French,rb,RB F1 Team,Italian,9,17,17,0,57,Lapped,+1.327,5168796,20,52,1:29.375,
2025,24,Abu Dhabi Grand Prix,2025-12-07,yas_marina,Yas Marina Circuit,UAE,Abu Dhabi,lawson,LAW,30,Liam,Lawson,New Zealander,rb,RB F1 Team,Italian,13,18,18,0,57,Lapped,+4.659,5172128,16,39,1:28.886,
2025,24,Abu Dhabi Grand Prix,2025-12-07,yas_marina,Yas Marina Circuit,UAE,Abu Dhabi,gasly,GAS,10,Pierre,Gasly,French,alpine,Alpine F1 Team,French,19,19,19,0,57,Lapped,+11.908,5179377,8,46,1:27.767,
2025,24,Abu Dhabi Grand Prix,2025-12-07,yas_marina,Yas Marina Circuit,UAE,Abu Dhabi,colapinto,COL,43,Franco,Colapinto,Argentine,alpine,Alpine F1 Team,French,20,20,20,0,57,Lapped,+14.003,5181472,7,42,1:27.710,
